"Date","Particulars","Supplier","Voucher No.","Voucher Type","Value","Gross Total","Purchase ZCOL","IGST Tax","800012-Clearing Cess","CGST Tax","SGST Tax","Clean Engry Cess","BasicCustomsduty-Amt","Freight/Quantity","Handling Charges","Mat.INS-Fixed","Miscellaneous Chrges","DischargePort Ag.Chg","Steve dooring@Unload","Vessel Insurance","Wharfage Un. Charges","OTB Procurement","Freight(Fixed Value)","Mine Transpt charge","NMED FUND (2%)","NMED FUND (30%)","Royalty charges %","Rail.Term./MT","Rake Unl. Chr./MT","Sizing charges","Stoving Charges"
"01 Apr 2023","0000030140-TamilNadu Waste Management Ltd","0000030140-TamilNadu Waste Management Ltd","4540005583","Purcahse Order ZSER","30,000.00","35,400.00 Cr","","","","2,700.00 Dr","2,700.00 Dr","","","","","","","","","","","","","","","","","","","",""
"01 Apr 2023","0000010039-Chennai Ferrous Industries Ltd","0000010039-Chennai Ferrous Industries Ltd","4600001039","Purcahse Order ZCOL","7,62,20,000.00","8,40,31,000.00 Cr","7,62,20,000.00 Dr","38,11,000.00 Dr","40,00,000.00 Dr","","","","","","","","","","","","","","","","","","","","","",""
"02 Apr 2023","","","4610001787","Purcahse Order ZSTO","0.00","0.00 Cr","","","","","","","","","","","","","","","","","","","","","","","","",""
"02 Apr 2023","","","4610001788","Purcahse Order ZSTO","0.00","0.00 Cr","","","","","","","","","","","","","","","","","","","","","","","","",""
"02 Apr 2023","","","4610001789","Purcahse Order ZSTO","0.00","0.00 Cr","","","","","","","","","","","","","","","","","","","","","","","","",""
"02 Apr 2023","","","4610001790","Purcahse Order ZSTO","0.00","0.00 Cr","","","","","","","","","","","","","","","","","","","","","","","","",""
"02 Apr 2023","","","4610001791","Purcahse Order ZSTO","0.00","0.00 Cr","","","","","","","","","","","","","","","","","","","","","","","","",""
"02 Apr 2023","","","4610001792","Purcahse Order ZSTO","0.00","0.00 Cr","","","","","","","","","","","","","","","","","","","","","","","","",""
"02 Apr 2023","","","4610001793","Purcahse Order ZSTO","0.00","0.00 Cr","","","","","","","","","","","","","","","","","","","","","","","","",""
"02 Apr 2023","","","4610001794","Purcahse Order ZSTO","0.00","0.00 Cr","","","","","","","","","","","","","","","","","","","","","","","","",""
"02 Apr 2023","","","4610001795","Purcahse Order ZSTO","0.00","0.00 Cr","","","","","","","","","","","","","","","","","","","","","","","","",""
"03 Apr 2023","0000030900-SP Insitu & Allied Engineering Serv","0000030900-SP Insitu & Allied Engineering Serv","4540005584","Purcahse Order ZSER","4,10,000.00","4,83,800.00 Cr","","","","36,900.00 Dr","36,900.00 Dr","","","","","","","","","","","","","","","","","","","",""
"03 Apr 2023","0000031495-DIGITECHNICAL SURVEY AND ENGINEERIN","0000031495-DIGITECHNICAL SURVEY AND ENGINEERIN","4540005585","Purcahse Order ZSER","12,500.00","14,750.00 Cr","","2,250.00 Dr","","","","","","","","","","","","","","","","","","","","","","",""
"04 Apr 2023","0000010214-Sri Ambaajee Electricals","0000010214-Sri Ambaajee Electricals","4500003396","Purcahse Order ZSPR","1,580.00","2,022.40 Cr","","","","221.20 Dr","221.20 Dr","","","","","","","","","","","","","","","","","","","",""
"04 Apr 2023","0000011882-KESAR ELECTRIC INDIA","0000011882-KESAR ELECTRIC INDIA","4500003397","Purcahse Order ZSPR","1,110.00","1,309.80 Cr","","","","99.90 Dr","99.90 Dr","","","","","","","","","","","","","","","","","","","",""
"04 Apr 2023","0000011496-TN Oxygen Private Limited","0000011496-TN Oxygen Private Limited","4510001659","Purcahse Order ZCON","28,477.00","33,602.86 Cr","","","","2,562.93 Dr","2,562.93 Dr","","","","","","","","","","","","","","","","","","","",""
"04 Apr 2023","0000010103-J.K.T Electricals","0000010103-J.K.T Electricals","4510001660","Purcahse Order ZCON","1,23,285.00","1,46,656.30 Cr","","","","11,095.65 Dr","11,095.65 Dr","","","","","","","","","","","","","","","","","","","",""
"04 Apr 2023","0000011466-Gandhi Industrial Electricals","0000011466-Gandhi Industrial Electricals","4510001661","Purcahse Order ZCON","1,59,050.00","1,87,679.00 Cr","","","","14,314.50 Dr","14,314.50 Dr","","","","","","","","","","","","","","","","","","","",""
"04 Apr 2023","0000030745-Sri Arunachalaswarar Engineering","0000030745-Sri Arunachalaswarar Engineering","4540005586","Purcahse Order ZSER","24,900.00","29,382.00 Cr","","","","2,241.00 Dr","2,241.00 Dr","","","","","","","","","","","","","","","","","","","",""
"05 Apr 2023","0000010039-Chennai Ferrous Industries Ltd","0000010039-Chennai Ferrous Industries Ltd","4600001040","Purcahse Order ZCOL","6,15,00,000.00","6,85,75,000.00 Cr","6,15,00,000.00 Dr","30,75,000.00 Dr","40,00,000.00 Dr","","","","","","","","","","","","","","","","","","","","","",""
"05 Apr 2023","","","4610001796","Purcahse Order ZSTO","0.00","0.00 Cr","","","","","","","","","","","","","","","","","","","","","","","","",""
"05 Apr 2023","","","4610001797","Purcahse Order ZSTO","0.00","0.00 Cr","","","","","","","","","","","","","","","","","","","","","","","","",""
"05 Apr 2023","","","4610001798","Purcahse Order ZSTO","0.00","0.00 Cr","","","","","","","","","","","","","","","","","","","","","","","","",""
"05 Apr 2023","","","4610001799","Purcahse Order ZSTO","0.00","0.00 Cr","","","","","","","","","","","","","","","","","","","","","","","","",""
"05 Apr 2023","","","4610001800","Purcahse Order ZSTO","0.00","0.00 Cr","","","","","","","","","","","","","","","","","","","","","","","","",""
"05 Apr 2023","","","4610001801","Purcahse Order ZSTO","0.00","0.00 Cr","","","","","","","","","","","","","","","","","","","","","","","","",""
"05 Apr 2023","","","4610001802","Purcahse Order ZSTO","0.00","0.00 Cr","","","","","","","","","","","","","","","","","","","","","","","","",""
"05 Apr 2023","","","4610001803","Purcahse Order ZSTO","0.00","0.00 Cr","","","","","","","","","","","","","","","","","","","","","","","","",""
"05 Apr 2023","","","4610001804","Purcahse Order ZSTO","0.00","0.00 Cr","","","","","","","","","","","","","","","","","","","","","","","","",""
"06 Apr 2023","0000011211-Kutti & Nathan","0000011211-Kutti & Nathan","4500003398","Purcahse Order ZSPR","31,688.00","37,981.84 Cr","","","","2,851.92 Dr","2,851.92 Dr","","","","","","","","","","","","","","","","","","","",""
"06 Apr 2023","0000011327-Trust Well Engineers India Pvt Ltd","0000011327-Trust Well Engineers India Pvt Ltd","4500003399","Purcahse Order ZSPR","2,37,540.00","2,85,017.20 Cr","","42,757.20 Dr","","","","","","","","","","","","","","","","","","","","","","",""
"06 Apr 2023","0000011496-TN Oxygen Private Limited","0000011496-TN Oxygen Private Limited","4510001662","Purcahse Order ZCON","16,640.00","19,635.20 Cr","","","","1,497.60 Dr","1,497.60 Dr","","","","","","","","","","","","","","","","","","","",""
"06 Apr 2023","0000030359-RR Insulation","0000030359-RR Insulation","4540005587","Purcahse Order ZSER","4,40,427.60","5,19,704.56 Cr","","","","39,638.48 Dr","39,638.48 Dr","","","","","","","","","","","","","","","","","","","",""
"06 Apr 2023","0000030359-RR Insulation","0000030359-RR Insulation","4540005590","Purcahse Order ZSER","3,99,005.40","4,70,826.38 Cr","","","","35,910.49 Dr","35,910.49 Dr","","","","","","","","","","","","","","","","","","","",""
"06 Apr 2023","0000031405-Friends Engineering Enterprises","0000031405-Friends Engineering Enterprises","4540005591","Purcahse Order ZSER","18,300.00","21,594.00 Cr","","","","1,647.00 Dr","1,647.00 Dr","","","","","","","","","","","","","","","","","","","",""
"06 Apr 2023","0000030565-B. Jaya Kumar","0000030565-B. Jaya Kumar","4540005592","Purcahse Order ZSER","50,000.00","59,000.00 Cr","","9,000.00 Dr","","","","","","","","","","","","","","","","","","","","","","",""
"06 Apr 2023","","","4610001805","Purcahse Order ZSTO","0.00","0.00 Cr","","","","","","","","","","","","","","","","","","","","","","","","",""
"06 Apr 2023","","","4610001806","Purcahse Order ZSTO","0.00","0.00 Cr","","","","","","","","","","","","","","","","","","","","","","","","",""
"06 Apr 2023","","","4610001807","Purcahse Order ZSTO","0.00","0.00 Cr","","","","","","","","","","","","","","","","","","","","","","","","",""
"06 Apr 2023","","","4610001808","Purcahse Order ZSTO","0.00","0.00 Cr","","","","","","","","","","","","","","","","","","","","","","","","",""
"06 Apr 2023","","","4610001809","Purcahse Order ZSTO","0.00","0.00 Cr","","","","","","","","","","","","","","","","","","","","","","","","",""
"06 Apr 2023","","","4610001810","Purcahse Order ZSTO","0.00","0.00 Cr","","","","","","","","","","","","","","","","","","","","","","","","",""
"06 Apr 2023","","","4610001811","Purcahse Order ZSTO","0.00","0.00 Cr","","","","","","","","","","","","","","","","","","","","","","","","",""
"06 Apr 2023","","","4610001812","Purcahse Order ZSTO","0.00","0.00 Cr","","","","","","","","","","","","","","","","","","","","","","","","",""
"06 Apr 2023","","","4610001813","Purcahse Order ZSTO","0.00","0.00 Cr","","","","","","","","","","","","","","","","","","","","","","","","",""
"06 Apr 2023","","","4610001814","Purcahse Order ZSTO","0.00","0.00 Cr","","","","","","","","","","","","","","","","","","","","","","","","",""
"07 Apr 2023","0000031405-Friends Engineering Enterprises","0000031405-Friends Engineering Enterprises","4540005593","Purcahse Order ZSER","17,000.00","20,060.00 Cr","","","","1,530.00 Dr","1,530.00 Dr","","","","","","","","","","","","","","","","","","","",""
"07 Apr 2023","0000031405-Friends Engineering Enterprises","0000031405-Friends Engineering Enterprises","4540005594","Purcahse Order ZSER","9,100.00","10,738.00 Cr","","","","819.00 Dr","819.00 Dr","","","","","","","","","","","","","","","","","","","",""
"07 Apr 2023","0000030745-Sri Arunachalaswarar Engineering","0000030745-Sri Arunachalaswarar Engineering","4540005595","Purcahse Order ZSER","10,742.40","12,676.04 Cr","","","","966.82 Dr","966.82 Dr","","","","","","","","","","","","","","","","","","","",""
"07 Apr 2023","0000011492-Kaarthik Heat Transfer","0000011492-Kaarthik Heat Transfer","4540005596","Purcahse Order ZSER","8,500.00","10,030.00 Cr","","","","765.00 Dr","765.00 Dr","","","","","","","","","","","","","","","","","","","",""
"07 Apr 2023","0000010039-Chennai Ferrous Industries Ltd","0000010039-Chennai Ferrous Industries Ltd","4600001041","Purcahse Order ZCOL","7,62,20,000.00","8,40,31,000.00 Cr","7,62,20,000.00 Dr","38,11,000.00 Dr","40,00,000.00 Dr","","","","","","","","","","","","","","","","","","","","","",""
"07 Apr 2023","0000010039-Chennai Ferrous Industries Ltd","0000010039-Chennai Ferrous Industries Ltd","4600001042","Purcahse Order ZCOL","5,20,71,496.50","5,80,61,835.32 Cr","5,20,71,496.50 Dr","26,03,574.82 Dr","33,86,764.00 Dr","","","","","","","","","","","","","","","","","","","","","",""
"07 Apr 2023","","","4610001815","Purcahse Order ZSTO","0.00","0.00 Cr","","","","","","","","","","","","","","","","","","","","","","","","",""
"07 Apr 2023","","","4610001816","Purcahse Order ZSTO","0.00","0.00 Cr","","","","","","","","","","","","","","","","","","","","","","","","",""
"07 Apr 2023","","","4610001817","Purcahse Order ZSTO","0.00","0.00 Cr","","","","","","","","","","","","","","","","","","","","","","","","",""
"07 Apr 2023","","","4610001818","Purcahse Order ZSTO","0.00","0.00 Cr","","","","","","","","","","","","","","","","","","","","","","","","",""
"07 Apr 2023","","","4610001819","Purcahse Order ZSTO","0.00","0.00 Cr","","","","","","","","","","","","","","","","","","","","","","","","",""
"07 Apr 2023","","","4610001820","Purcahse Order ZSTO","0.00","0.00 Cr","","","","","","","","","","","","","","","","","","","","","","","","",""
"07 Apr 2023","","","4610001821","Purcahse Order ZSTO","0.00","0.00 Cr","","","","","","","","","","","","","","","","","","","","","","","","",""
"07 Apr 2023","","","4610001822","Purcahse Order ZSTO","0.00","0.00 Cr","","","","","","","","","","","","","","","","","","","","","","","","",""
"07 Apr 2023","","","4610001823","Purcahse Order ZSTO","0.00","0.00 Cr","","","","","","","","","","","","","","","","","","","","","","","","",""
"10 Apr 2023","0000010702-Elmack Engg Services","0000010702-Elmack Engg Services","4500003400","Purcahse Order ZSPR","3,55,802.00","4,19,846.36 Cr","","","","32,022.18 Dr","32,022.18 Dr","","","","","","","","","","","","","","","","","","","",""
"10 Apr 2023","0000010869-Emerging Technology","0000010869-Emerging Technology","4500003401","Purcahse Order ZSPR","97,755.00","1,15,350.90 Cr","","","","8,797.95 Dr","8,797.95 Dr","","","","","","","","","","","","","","","","","","","",""
"10 Apr 2023","0000011538-Krishna Enterprises","0000011538-Krishna Enterprises","4540005597","Purcahse Order ZSER","1,69,328.20","1,99,807.28 Cr","","","","15,239.54 Dr","15,239.54 Dr","","","","","","","","","","","","","","","","","","","",""
"10 Apr 2023","0000031405-Friends Engineering Enterprises","0000031405-Friends Engineering Enterprises","4540005598","Purcahse Order ZSER","1,50,000.00","1,77,000.00 Cr","","","","13,500.00 Dr","13,500.00 Dr","","","","","","","","","","","","","","","","","","","",""
"10 Apr 2023","0000030060-J.S.R Enterprises","0000030060-J.S.R Enterprises","4540005599","Purcahse Order ZSER","23,400.00","27,612.00 Cr","","","","2,106.00 Dr","2,106.00 Dr","","","","","","","","","","","","","","","","","","","",""
"10 Apr 2023","0000010353-M.L. Engineering","0000010353-M.L. Engineering","4540005600","Purcahse Order ZSER","39,235.00","46,297.30 Cr","","","","3,531.15 Dr","3,531.15 Dr","","","","","","","","","","","","","","","","","","","",""
"10 Apr 2023","0000010869-Emerging Technology","0000010869-Emerging Technology","4540005601","Purcahse Order ZSER","7,800.00","9,204.00 Cr","","","","702.00 Dr","702.00 Dr","","","","","","","","","","","","","","","","","","","",""
"11 Apr 2023","0000011965-MACROPO EXPANSION JOINTS PVT LTD","0000011965-MACROPO EXPANSION JOINTS PVT LTD","4500003402","Purcahse Order ZSPR","2,26,575.00","4,93,933.50 Cr","","","","20,391.75 Dr","20,391.75 Dr","","","","","","","","","","","","","","","","","","","",""
"11 Apr 2023","0000011884-NJ INDUSTRIAL PRODUCTS","0000011884-NJ INDUSTRIAL PRODUCTS","4510001665","Purcahse Order ZCON","1,20,000.00","1,43,960.00 Cr","","","","10,800.00 Dr","10,800.00 Dr","","","","","","","","","","","","","","","","","","","",""
"11 Apr 2023","0000010353-M.L. Engineering","0000010353-M.L. Engineering","4540005603","Purcahse Order ZSER","78,470.00","92,594.60 Cr","","","","7,062.30 Dr","7,062.30 Dr","","","","","","","","","","","","","","","","","","","",""
"11 Apr 2023","0000090145-Adani Enterprises Limited","0000090145-Adani Enterprises Limited","4600001043","Purcahse Order ZCOL","26,62,50,000.00","29,15,62,500.00 Cr","26,62,50,000.00 Dr","","1,20,00,000.00 Dr","66,56,250.00 Dr","66,56,250.00 Dr","","","","","","","","","","","","","","","","","","","",""
"11 Apr 2023","0000010039-Chennai Ferrous Industries Ltd","0000010039-Chennai Ferrous Industries Ltd","4600001044","Purcahse Order ZCOL","7,62,20,000.00","8,40,31,000.00 Cr","7,62,20,000.00 Dr","38,11,000.00 Dr","40,00,000.00 Dr","","","","","","","","","","","","","","","","","","","","","",""
"11 Apr 2023","0000090113-PT. BORNEO INDOBARA","0000090113-PT. BORNEO INDOBARA","4600001046","Purcahse Order ZCOL","58,95,012.30","62,79,549.38 Cr","58,95,012.30 Dr","","","","","3,84,537.08 Dr","","","","","","","","","","","","","","","","","","",""
"12 Apr 2023","0000011159-JJ Fasteners","0000011159-JJ Fasteners","4500003403","Purcahse Order ZSPR","15,400.00","18,172.00 Cr","","","","1,386.00 Dr","1,386.00 Dr","","","","","","","","","","","","","","","","","","","",""
"12 Apr 2023","0000011621-CKEE ENGINEERING PVT LTD","0000011621-CKEE ENGINEERING PVT LTD","4540005604","Purcahse Order ZSER","82,00,000.00","1,78,76,000.00 Cr","","","","7,38,000.00 Dr","7,38,000.00 Dr","","","","","","","","","","","","","","","","","","","",""
"13 Apr 2023","0000011026-Chennai Hydraulics","0000011026-Chennai Hydraulics","4500003404","Purcahse Order ZSPR","7,220.00","8,519.60 Cr","","","","649.80 Dr","649.80 Dr","","","","","","","","","","","","","","","","","","","",""
"13 Apr 2023","0000011164-Hydrotech Marketings","0000011164-Hydrotech Marketings","4500003405","Purcahse Order ZSPR","53,129.60","59,198.04 Cr","","","","3,034.22 Dr","3,034.22 Dr","","","","","","","","","","","","","","","","","","","",""
"13 Apr 2023","","","4610001824","Purcahse Order ZSTO","0.00","0.00 Cr","","","","","","","","","","","","","","","","","","","","","","","","",""
"13 Apr 2023","","","4610001825","Purcahse Order ZSTO","0.00","0.00 Cr","","","","","","","","","","","","","","","","","","","","","","","","",""
"13 Apr 2023","","","4610001826","Purcahse Order ZSTO","0.00","0.00 Cr","","","","","","","","","","","","","","","","","","","","","","","","",""
"13 Apr 2023","","","4610001827","Purcahse Order ZSTO","0.00","0.00 Cr","","","","","","","","","","","","","","","","","","","","","","","","",""
"13 Apr 2023","","","4610001828","Purcahse Order ZSTO","0.00","0.00 Cr","","","","","","","","","","","","","","","","","","","","","","","","",""
"13 Apr 2023","","","4610001829","Purcahse Order ZSTO","0.00","0.00 Cr","","","","","","","","","","","","","","","","","","","","","","","","",""
"13 Apr 2023","","","4610001830","Purcahse Order ZSTO","0.00","0.00 Cr","","","","","","","","","","","","","","","","","","","","","","","","",""
"13 Apr 2023","","","4610001831","Purcahse Order ZSTO","0.00","0.00 Cr","","","","","","","","","","","","","","","","","","","","","","","","",""
"13 Apr 2023","","","4610001832","Purcahse Order ZSTO","0.00","0.00 Cr","","","","","","","","","","","","","","","","","","","","","","","","",""
"15 Apr 2023","0000010278-Zion Enviro Systems (P) Ltd.","0000010278-Zion Enviro Systems (P) Ltd.","4510001668","Purcahse Order ZCON","25,200.00","29,736.00 Cr","","","","2,268.00 Dr","2,268.00 Dr","","","","","","","","","","","","","","","","","","","",""
"15 Apr 2023","0000011523-Nazrex Hard Tools Complex","0000011523-Nazrex Hard Tools Complex","4510001669","Purcahse Order ZCON","7,733.00","8,381.10 Cr","","","","324.05 Dr","324.05 Dr","","","","","","","","","","","","","","","","","","","",""
"17 Apr 2023","0000010353-M.L. Engineering","0000010353-M.L. Engineering","4500003406","Purcahse Order ZSPR","8,65,200.00","10,20,936.00 Cr","","","","77,868.00 Dr","77,868.00 Dr","","","","","","","","","","","","","","","","","","","",""
"17 Apr 2023","0000011137-Shabbir Tools Mart","0000011137-Shabbir Tools Mart","4500003407","Purcahse Order ZSPR","70,526.38","71,789.34 Cr","","","","631.48 Dr","631.48 Dr","","","","","","","","","","","","","","","","","","","",""
"17 Apr 2023","0000011973-RBC BEARINGS PRIVATE  LIMITED","0000011973-RBC BEARINGS PRIVATE  LIMITED","4500003408","Purcahse Order ZSPR","37,430.60","81,598.74 Cr","","","","3,368.77 Dr","3,368.77 Dr","","","","","","","","","","","","","","","","","","","",""
"17 Apr 2023","0000010570-Goodwill Engineering Company","0000010570-Goodwill Engineering Company","4510001670","Purcahse Order ZCON","25,950.00","30,621.00 Cr","","","","2,335.50 Dr","2,335.50 Dr","","","","","","","","","","","","","","","","","","","",""
"17 Apr 2023","0000011884-NJ INDUSTRIAL PRODUCTS","0000011884-NJ INDUSTRIAL PRODUCTS","4510001671","Purcahse Order ZCON","15,200.00","17,024.00 Cr","","","","912.00 Dr","912.00 Dr","","","","","","","","","","","","","","","","","","","",""
"17 Apr 2023","0000030905-Mitsubishi Elevator India Pvt.Ltd","0000030905-Mitsubishi Elevator India Pvt.Ltd","4540005606","Purcahse Order ZSER","1,66,579.00","1,96,563.22 Cr","","","","14,992.11 Dr","14,992.11 Dr","","","","","","","","","","","","","","","","","","","",""
"17 Apr 2023","0000030060-J.S.R Enterprises","0000030060-J.S.R Enterprises","4540005607","Purcahse Order ZSER","38,004.60","44,845.42 Cr","","","","3,420.41 Dr","3,420.41 Dr","","","","","","","","","","","","","","","","","","","",""
"17 Apr 2023","0000030910-Guindy Chennai Stays","0000030910-Guindy Chennai Stays","4540005608","Purcahse Order ZSER","44,800.00","50,176.00 Cr","","","","2,688.00 Dr","2,688.00 Dr","","","","","","","","","","","","","","","","","","","",""
"17 Apr 2023","0000010936-Ideatec Softwares (India) Pvt Ltd","0000010936-Ideatec Softwares (India) Pvt Ltd","4540005609","Purcahse Order ZSER","33,750.00","39,825.00 Cr","","","","3,037.50 Dr","3,037.50 Dr","","","","","","","","","","","","","","","","","","","",""
"17 Apr 2023","0000011777-Envea India Private Limited","0000011777-Envea India Private Limited","4540005610","Purcahse Order ZSER","45,000.00","53,100.00 Cr","","","","4,050.00 Dr","4,050.00 Dr","","","","","","","","","","","","","","","","","","","",""
"18 Apr 2023","0000010995-Alekton Engineering Industries PVT.","0000010995-Alekton Engineering Industries PVT.","4500003409","Purcahse Order ZSPR","6,10,000.00","6,64,900.00 Cr","","","","27,450.00 Dr","27,450.00 Dr","","","","","","","","","","","","","","","","","","","",""
"18 Apr 2023","0000010353-M.L. Engineering","0000010353-M.L. Engineering","4540005611","Purcahse Order ZSER","15,000.00","17,700.00 Cr","","","","1,350.00 Dr","1,350.00 Dr","","","","","","","","","","","","","","","","","","","",""
"18 Apr 2023","0000010039-Chennai Ferrous Industries Ltd","0000010039-Chennai Ferrous Industries Ltd","4600001047","Purcahse Order ZCOL","7,62,20,000.00","8,40,31,000.00 Cr","7,62,20,000.00 Dr","38,11,000.00 Dr","40,00,000.00 Dr","","","","","","","","","","","","","","","","","","","","","",""
"19 Apr 2023","0000010570-Goodwill Engineering Company","0000010570-Goodwill Engineering Company","4510001673","Purcahse Order ZCON","22,825.00","26,738.50 Cr","","","","1,956.75 Dr","1,956.75 Dr","","","","","","","","","","","","","","","","","","","",""
"19 Apr 2023","0000010390-Sartech INTL","0000010390-Sartech INTL","4540005612","Purcahse Order ZSER","2,04,957.60","2,37,259.96 Cr","","","","16,151.18 Dr","16,151.18 Dr","","","","","","","","","","","","","","","","","","","",""
"19 Apr 2023","0000030781-Shree Abirami Engg Works","0000030781-Shree Abirami Engg Works","4540005613","Purcahse Order ZSER","45,400.00","53,572.00 Cr","","","","4,086.00 Dr","4,086.00 Dr","","","","","","","","","","","","","","","","","","","",""
"19 Apr 2023","0000011152-Arya Omnitalk Wireless Solutions Pv","0000011152-Arya Omnitalk Wireless Solutions Pv","4540005614","Purcahse Order ZSER","1,28,000.00","1,51,040.00 Cr","","23,040.00 Dr","","","","","","","","","","","","","","","","","","","","","","",""
"19 Apr 2023","0000031504-THIRUMURUGAN TRACTOR WORKS","0000031504-THIRUMURUGAN TRACTOR WORKS","4540005615","Purcahse Order ZSER","96,500.00","1,93,000.00 Cr","","","","","","","","","","","","","","","","","","","","","","","","",""
"19 Apr 2023","","","4610001833","Purcahse Order ZSTO","0.00","0.00 Cr","","","","","","","","","","","","","","","","","","","","","","","","",""
"20 Apr 2023","0000010210-South India Engineering Corporation","0000010210-South India Engineering Corporation","4510001674","Purcahse Order ZCON","53,600.00","63,248.00 Cr","","","","4,824.00 Dr","4,824.00 Dr","","","","","","","","","","","","","","","","","","","",""
"20 Apr 2023","0000011006-Madura Tarpaulin Mfg. Co.","0000011006-Madura Tarpaulin Mfg. Co.","4510001675","Purcahse Order ZCON","36,960.00","44,202.80 Cr","","","","3,326.40 Dr","3,326.40 Dr","","","","","","","","","","","","","","","","","","","",""
"20 Apr 2023","0000011603-Garuda Elevators Pvt.Ltd","0000011603-Garuda Elevators Pvt.Ltd","4540005616","Purcahse Order ZSER","40,000.00","87,200.00 Cr","","","","3,600.00 Dr","3,600.00 Dr","","","","","","","","","","","","","","","","","","","",""
"20 Apr 2023","0000030946-Digital & Control Systems","0000030946-Digital & Control Systems","4540005617","Purcahse Order ZSER","83,000.00","83,000.00 Cr","","","","","","","","","","","","","","","","","","","","","","","","",""
"20 Apr 2023","0000090000-Adani Global Pte Ltd","0000090000-Adani Global Pte Ltd","4600001048","Purcahse Order ZCOL","32,12,026.92","35,87,108.41 Cr","32,12,026.92 Dr","","","","","3,75,081.49 Dr","","","","","","","","","","","","","","","","","","",""
"20 Apr 2023","0000010039-Chennai Ferrous Industries Ltd","0000010039-Chennai Ferrous Industries Ltd","4600001049","Purcahse Order ZCOL","7,62,20,000.00","8,40,31,000.00 Cr","7,62,20,000.00 Dr","38,11,000.00 Dr","40,00,000.00 Dr","","","","","","","","","","","","","","","","","","","","","",""
"20 Apr 2023","","","4610001834","Purcahse Order ZSTO","0.00","0.00 Cr","","","","","","","","","","","","","","","","","","","","","","","","",""
"20 Apr 2023","","","4610001835","Purcahse Order ZSTO","0.00","0.00 Cr","","","","","","","","","","","","","","","","","","","","","","","","",""
"20 Apr 2023","","","4610001836","Purcahse Order ZSTO","0.00","0.00 Cr","","","","","","","","","","","","","","","","","","","","","","","","",""
"20 Apr 2023","","","4610001837","Purcahse Order ZSTO","0.00","0.00 Cr","","","","","","","","","","","","","","","","","","","","","","","","",""
"20 Apr 2023","","","4610001838","Purcahse Order ZSTO","0.00","0.00 Cr","","","","","","","","","","","","","","","","","","","","","","","","",""
"20 Apr 2023","","","4610001839","Purcahse Order ZSTO","0.00","0.00 Cr","","","","","","","","","","","","","","","","","","","","","","","","",""
"20 Apr 2023","","","4610001840","Purcahse Order ZSTO","0.00","0.00 Cr","","","","","","","","","","","","","","","","","","","","","","","","",""
"20 Apr 2023","","","4610001841","Purcahse Order ZSTO","0.00","0.00 Cr","","","","","","","","","","","","","","","","","","","","","","","","",""
"20 Apr 2023","","","4610001842","Purcahse Order ZSTO","0.00","0.00 Cr","","","","","","","","","","","","","","","","","","","","","","","","",""
"20 Apr 2023","","","4610001843","Purcahse Order ZSTO","0.00","0.00 Cr","","","","","","","","","","","","","","","","","","","","","","","","",""
"21 Apr 2023","0000011468-S & V Engineering Services","0000011468-S & V Engineering Services","4500003410","Purcahse Order ZSPR","12,900.00","15,222.00 Cr","","","","1,161.00 Dr","1,161.00 Dr","","","","","","","","","","","","","","","","","","","",""
"21 Apr 2023","0000030946-Digital & Control Systems","0000030946-Digital & Control Systems","4540005618","Purcahse Order ZSER","1,18,000.00","1,18,000.00 Cr","","","","","","","","","","","","","","","","","","","","","","","","",""
"21 Apr 2023","0000030876-Power Tech Electrical Engineering","0000030876-Power Tech Electrical Engineering","4540005619","Purcahse Order ZSER","77,000.00","90,860.00 Cr","","","","6,930.00 Dr","6,930.00 Dr","","","","","","","","","","","","","","","","","","","",""
"22 Apr 2023","","","4610001844","Purcahse Order ZSTO","0.00","0.00 Cr","","","","","","","","","","","","","","","","","","","","","","","","",""
"22 Apr 2023","","","4610001845","Purcahse Order ZSTO","0.00","0.00 Cr","","","","","","","","","","","","","","","","","","","","","","","","",""
"22 Apr 2023","","","4610001846","Purcahse Order ZSTO","0.00","0.00 Cr","","","","","","","","","","","","","","","","","","","","","","","","",""
"22 Apr 2023","","","4610001847","Purcahse Order ZSTO","0.00","0.00 Cr","","","","","","","","","","","","","","","","","","","","","","","","",""
"22 Apr 2023","","","4610001848","Purcahse Order ZSTO","0.00","0.00 Cr","","","","","","","","","","","","","","","","","","","","","","","","",""
"22 Apr 2023","","","4610001849","Purcahse Order ZSTO","0.00","0.00 Cr","","","","","","","","","","","","","","","","","","","","","","","","",""
"22 Apr 2023","","","4610001850","Purcahse Order ZSTO","0.00","0.00 Cr","","","","","","","","","","","","","","","","","","","","","","","","",""
"22 Apr 2023","","","4610001851","Purcahse Order ZSTO","0.00","0.00 Cr","","","","","","","","","","","","","","","","","","","","","","","","",""
"22 Apr 2023","","","4610001852","Purcahse Order ZSTO","0.00","0.00 Cr","","","","","","","","","","","","","","","","","","","","","","","","",""
"22 Apr 2023","","","4610001853","Purcahse Order ZSTO","0.00","0.00 Cr","","","","","","","","","","","","","","","","","","","","","","","","",""
"22 Apr 2023","","","4610001854","Purcahse Order ZSTO","0.00","0.00 Cr","","","","","","","","","","","","","","","","","","","","","","","","",""
"22 Apr 2023","","","4610001855","Purcahse Order ZSTO","0.00","0.00 Cr","","","","","","","","","","","","","","","","","","","","","","","","",""
"22 Apr 2023","","","4610001856","Purcahse Order ZSTO","0.00","0.00 Cr","","","","","","","","","","","","","","","","","","","","","","","","",""
"22 Apr 2023","","","4610001857","Purcahse Order ZSTO","0.00","0.00 Cr","","","","","","","","","","","","","","","","","","","","","","","","",""
"22 Apr 2023","","","4610001858","Purcahse Order ZSTO","0.00","0.00 Cr","","","","","","","","","","","","","","","","","","","","","","","","",""
"22 Apr 2023","","","4610001859","Purcahse Order ZSTO","0.00","0.00 Cr","","","","","","","","","","","","","","","","","","","","","","","","",""
"22 Apr 2023","","","4610001860","Purcahse Order ZSTO","0.00","0.00 Cr","","","","","","","","","","","","","","","","","","","","","","","","",""
"22 Apr 2023","","","4610001861","Purcahse Order ZSTO","0.00","0.00 Cr","","","","","","","","","","","","","","","","","","","","","","","","",""
"24 Apr 2023","0000011663-KMech Engineers","0000011663-KMech Engineers","4600001050","Purcahse Order ZSCF","38,69,000.00","45,65,420.00 Cr","","6,96,420.00 Dr","","","","","","","","","","","","","","","","","","","","","","",""
"25 Apr 2023","0000011164-Hydrotech Marketings","0000011164-Hydrotech Marketings","4500003411","Purcahse Order ZSPR","2,880.00","3,398.40 Cr","","","","259.20 Dr","259.20 Dr","","","","","","","","","","","","","","","","","","","",""
"25 Apr 2023","0000010531-Microtek Technologies","0000010531-Microtek Technologies","4510001667","Purcahse Order ZCON","12,066.60","11,385.20 Cr","","","","724.00 Dr","724.00 Dr","","","","","","","","","","","","","","","","","","","",""
"25 Apr 2023","0000011797-STAR OFFICE BAZAAR PVT LTD","0000011797-STAR OFFICE BAZAAR PVT LTD","4510001676","Purcahse Order ZCON","17,111.50","19,667.54 Cr","","","","1,278.02 Dr","1,278.02 Dr","","","","","","","","","","","","","","","","","","","",""
"25 Apr 2023","0000011359-KAYALVIZHII ENTERPRISES","0000011359-KAYALVIZHII ENTERPRISES","4510001677","Purcahse Order ZCON","51,688.00","60,991.84 Cr","","","","4,651.92 Dr","4,651.92 Dr","","","","","","","","","","","","","","","","","","","",""
"25 Apr 2023","0000011428-Shaktiman Equipments Pvt.Ltd.","0000011428-Shaktiman Equipments Pvt.Ltd.","4510001678","Purcahse Order ZCON","1,67,883.00","1,98,101.94 Cr","","","","15,109.47 Dr","15,109.47 Dr","","","","","","","","","","","","","","","","","","","",""
"25 Apr 2023","0000031234-Alpha Hospitals","0000031234-Alpha Hospitals","4540005620","Purcahse Order ZSER","6,455.00","6,455.00 Cr","","","","","","","","","","","","","","","","","","","","","","","","",""
"25 Apr 2023","0000030060-J.S.R Enterprises","0000030060-J.S.R Enterprises","4540005621","Purcahse Order ZSER","20,000.00","23,600.00 Cr","","","","1,800.00 Dr","1,800.00 Dr","","","","","","","","","","","","","","","","","","","",""
"25 Apr 2023","0000010353-M.L. Engineering","0000010353-M.L. Engineering","4540005622","Purcahse Order ZSER","10,000.00","11,800.00 Cr","","","","900.00 Dr","900.00 Dr","","","","","","","","","","","","","","","","","","","",""
"25 Apr 2023","0000030242-Arya Omnitalk Radio Trunking","0000030242-Arya Omnitalk Radio Trunking","4540005623","Purcahse Order ZSER","2,22,000.00","2,61,960.00 Cr","","","","19,980.00 Dr","19,980.00 Dr","","","","","","","","","","","","","","","","","","","",""
"25 Apr 2023","0000010120-Kiran Electro Systems","0000010120-Kiran Electro Systems","4540005624","Purcahse Order ZSER","1,00,000.00","1,18,000.00 Cr","","","","9,000.00 Dr","9,000.00 Dr","","","","","","","","","","","","","","","","","","","",""
"25 Apr 2023","0000010039-Chennai Ferrous Industries Ltd","0000010039-Chennai Ferrous Industries Ltd","4600001051","Purcahse Order ZCOL","7,62,20,000.00","8,40,31,000.00 Cr","7,62,20,000.00 Dr","38,11,000.00 Dr","40,00,000.00 Dr","","","","","","","","","","","","","","","","","","","","","",""
"25 Apr 2023","","","4610001862","Purcahse Order ZSTO","0.00","0.00 Cr","","","","","","","","","","","","","","","","","","","","","","","","",""
"25 Apr 2023","","","4610001863","Purcahse Order ZSTO","0.00","0.00 Cr","","","","","","","","","","","","","","","","","","","","","","","","",""
"25 Apr 2023","","","4610001864","Purcahse Order ZSTO","0.00","0.00 Cr","","","","","","","","","","","","","","","","","","","","","","","","",""
"25 Apr 2023","","","4610001865","Purcahse Order ZSTO","0.00","0.00 Cr","","","","","","","","","","","","","","","","","","","","","","","","",""
"25 Apr 2023","","","4610001866","Purcahse Order ZSTO","0.00","0.00 Cr","","","","","","","","","","","","","","","","","","","","","","","","",""
"25 Apr 2023","","","4610001867","Purcahse Order ZSTO","0.00","0.00 Cr","","","","","","","","","","","","","","","","","","","","","","","","",""
"25 Apr 2023","","","4610001868","Purcahse Order ZSTO","0.00","0.00 Cr","","","","","","","","","","","","","","","","","","","","","","","","",""
"25 Apr 2023","","","4610001869","Purcahse Order ZSTO","0.00","0.00 Cr","","","","","","","","","","","","","","","","","","","","","","","","",""
"25 Apr 2023","","","4610001870","Purcahse Order ZSTO","0.00","0.00 Cr","","","","","","","","","","","","","","","","","","","","","","","","",""
"25 Apr 2023","0000011896-SUPER ENTERPRISES","0000011896-SUPER ENTERPRISES","40","Purcahse Order ZNPA","13,500.00","15,930.00 Cr","","","","1,215.00 Dr","1,215.00 Dr","","","","","","","","","","","","","","","","","","","",""
"26 Apr 2023","0000010103-J.K.T Electricals","0000010103-J.K.T Electricals","4500003412","Purcahse Order ZSPR","19,970.00","23,564.60 Cr","","","","1,797.30 Dr","1,797.30 Dr","","","","","","","","","","","","","","","","","","","",""
"26 Apr 2023","0000010570-Goodwill Engineering Company","0000010570-Goodwill Engineering Company","4510001679","Purcahse Order ZCON","1,15,000.00","1,38,060.00 Cr","","","","10,350.00 Dr","10,350.00 Dr","","","","","","","","","","","","","","","","","","","",""
"26 Apr 2023","0000031124-Pak coolsystem","0000031124-Pak coolsystem","4540005625","Purcahse Order ZSER","2,48,000.00","2,92,640.00 Cr","","","","22,320.00 Dr","22,320.00 Dr","","","","","","","","","","","","","","","","","","","",""
"26 Apr 2023","0000030244-N.Mari Water Works","0000030244-N.Mari Water Works","4540005626","Purcahse Order ZSER","1,55,600.00","1,55,600.00 Cr","","","","","","","","","","","","","","","","","","","","","","","","",""
"26 Apr 2023","0000010016-Air Castle System and Services","0000010016-Air Castle System and Services","4540005627","Purcahse Order ZSER","2,56,600.00","3,02,788.00 Cr","","","","23,094.00 Dr","23,094.00 Dr","","","","","","","","","","","","","","","","","","","",""
"27 Apr 2023","0000011053-Premier(India)Bearings Ltd","0000011053-Premier(India)Bearings Ltd","4500003414","Purcahse Order ZSPR","1,830.00","2,159.40 Cr","","","","164.70 Dr","164.70 Dr","","","","","","","","","","","","","","","","","","","",""
"27 Apr 2023","0000011288-Mahalinga Enterprises","0000011288-Mahalinga Enterprises","4500003415","Purcahse Order ZSPR","2,61,120.00","3,13,241.60 Cr","","","","23,500.80 Dr","23,500.80 Dr","","","","","","","","","","","","","","","","","","","",""
"27 Apr 2023","0000030745-Sri Arunachalaswarar Engineering","0000030745-Sri Arunachalaswarar Engineering","4540005628","Purcahse Order ZSER","8,352.00","9,855.36 Cr","","","","751.68 Dr","751.68 Dr","","","","","","","","","","","","","","","","","","","",""
"27 Apr 2023","0000030150-Vibrotech Trainers & Consultants Pv","0000030150-Vibrotech Trainers & Consultants Pv","4540005629","Purcahse Order ZSER","1,08,721.00","1,28,290.78 Cr","","","","9,784.89 Dr","9,784.89 Dr","","","","","","","","","","","","","","","","","","","",""
"27 Apr 2023","0000090145-Adani Enterprises Limited","0000090145-Adani Enterprises Limited","4600001052","Purcahse Order ZCOL","9,25,00,000.00","10,11,25,000.00 Cr","9,25,00,000.00 Dr","","40,00,000.00 Dr","23,12,500.00 Dr","23,12,500.00 Dr","","","","","","","","","","","","","","","","","","","",""
"27 Apr 2023","","","4610001871","Purcahse Order ZSTO","0.00","0.00 Cr","","","","","","","","","","","","","","","","","","","","","","","","",""
"27 Apr 2023","","","4610001872","Purcahse Order ZSTO","0.00","0.00 Cr","","","","","","","","","","","","","","","","","","","","","","","","",""
"27 Apr 2023","","","4610001873","Purcahse Order ZSTO","0.00","0.00 Cr","","","","","","","","","","","","","","","","","","","","","","","","",""
"27 Apr 2023","","","4610001874","Purcahse Order ZSTO","0.00","0.00 Cr","","","","","","","","","","","","","","","","","","","","","","","","",""
"27 Apr 2023","","","4610001875","Purcahse Order ZSTO","0.00","0.00 Cr","","","","","","","","","","","","","","","","","","","","","","","","",""
"27 Apr 2023","","","4610001876","Purcahse Order ZSTO","0.00","0.00 Cr","","","","","","","","","","","","","","","","","","","","","","","","",""
"27 Apr 2023","","","4610001877","Purcahse Order ZSTO","0.00","0.00 Cr","","","","","","","","","","","","","","","","","","","","","","","","",""
"27 Apr 2023","","","4610001878","Purcahse Order ZSTO","0.00","0.00 Cr","","","","","","","","","","","","","","","","","","","","","","","","",""
"27 Apr 2023","","","4610001879","Purcahse Order ZSTO","0.00","0.00 Cr","","","","","","","","","","","","","","","","","","","","","","","","",""
"29 Apr 2023","0000011549-EIP Enviro Level Controls Pvt.Ltd.","0000011549-EIP Enviro Level Controls Pvt.Ltd.","4500003416","Purcahse Order ZSPR","24,700.00","32,096.00 Cr","","4,446.00 Dr","","","","","","","","","","","","","","","","","","","","","","",""
"29 Apr 2023","0000031132-Safety Links","0000031132-Safety Links","4540005630","Purcahse Order ZSER","8,000.00","9,440.00 Cr","","","","720.00 Dr","720.00 Dr","","","","","","","","","","","","","","","","","","","",""
"29 Apr 2023","0000030040-Emaar Electricals","0000030040-Emaar Electricals","4540005631","Purcahse Order ZSER","11,000.00","12,980.00 Cr","","","","990.00 Dr","990.00 Dr","","","","","","","","","","","","","","","","","","","",""
"29 Apr 2023","0000011538-Krishna Enterprises","0000011538-Krishna Enterprises","4540005632","Purcahse Order ZSER","65,000.00","76,700.00 Cr","","","","5,850.00 Dr","5,850.00 Dr","","","","","","","","","","","","","","","","","","","",""
"29 Apr 2023","0000011538-Krishna Enterprises","0000011538-Krishna Enterprises","4540005633","Purcahse Order ZSER","32,500.00","38,350.00 Cr","","","","2,925.00 Dr","2,925.00 Dr","","","","","","","","","","","","","","","","","","","",""
"29 Apr 2023","0000030060-J.S.R Enterprises","0000030060-J.S.R Enterprises","4540005634","Purcahse Order ZSER","83,200.00","98,176.00 Cr","","","","7,488.00 Dr","7,488.00 Dr","","","","","","","","","","","","","","","","","","","",""
"02 May 2023","0000031508-GLOBAL ENVIROTRONICS","0000031508-GLOBAL ENVIROTRONICS","4500003418","Purcahse Order ZSPR","31,115.00","67,830.70 Cr","","","","2,800.35 Dr","2,800.35 Dr","","","","","","","","","","","","","","","","","","","",""
"02 May 2023","0000011137-Shabbir Tools Mart","0000011137-Shabbir Tools Mart","4500003419","Purcahse Order ZSPR","32,937.00","38,865.68 Cr","","","","2,964.34 Dr","2,964.34 Dr","","","","","","","","","","","","","","","","","","","",""
"02 May 2023","0000010788-The Precision Scientific Co","0000010788-The Precision Scientific Co","4510001680","Purcahse Order ZCON","83,500.00","98,530.00 Cr","","","","7,515.00 Dr","7,515.00 Dr","","","","","","","","","","","","","","","","","","","",""
"02 May 2023","0000010570-Goodwill Engineering Company","0000010570-Goodwill Engineering Company","4510001681","Purcahse Order ZCON","42,900.00","50,622.00 Cr","","","","3,861.00 Dr","3,861.00 Dr","","","","","","","","","","","","","","","","","","","",""
"02 May 2023","0000010841-Subra Scientific Company","0000010841-Subra Scientific Company","4510001682","Purcahse Order ZCON","51,272.00","57,424.64 Cr","","","","3,076.32 Dr","3,076.32 Dr","","","","","","","","","","","","","","","","","","","",""
"02 May 2023","0000011833-RE Sustainability IWM Solutions Lim","0000011833-RE Sustainability IWM Solutions Lim","4540005635","Purcahse Order ZSER","60,000.00","67,200.00 Cr","","","","3,600.00 Dr","3,600.00 Dr","","","","","","","","","","","","","","","","","","","",""
"02 May 2023","0000010739-Adhithya Enterprises","0000010739-Adhithya Enterprises","4540005636","Purcahse Order ZSER","8,000.00","9,440.00 Cr","","","","720.00 Dr","720.00 Dr","","","","","","","","","","","","","","","","","","","",""
"02 May 2023","0000010395-KASA ANLAGEN INDIA PVT LTD","0000010395-KASA ANLAGEN INDIA PVT LTD","4540005637","Purcahse Order ZSER","24,000.00","28,320.00 Cr","","","","2,160.00 Dr","2,160.00 Dr","","","","","","","","","","","","","","","","","","","",""
"02 May 2023","","","4610001880","Purcahse Order ZSTO","0.00","0.00 Cr","","","","","","","","","","","","","","","","","","","","","","","","",""
"02 May 2023","","","4610001881","Purcahse Order ZSTO","0.00","0.00 Cr","","","","","","","","","","","","","","","","","","","","","","","","",""
"02 May 2023","","","4610001882","Purcahse Order ZSTO","0.00","0.00 Cr","","","","","","","","","","","","","","","","","","","","","","","","",""
"02 May 2023","","","4610001883","Purcahse Order ZSTO","0.00","0.00 Cr","","","","","","","","","","","","","","","","","","","","","","","","",""
"02 May 2023","","","4610001884","Purcahse Order ZSTO","0.00","0.00 Cr","","","","","","","","","","","","","","","","","","","","","","","","",""
"02 May 2023","","","4610001885","Purcahse Order ZSTO","0.00","0.00 Cr","","","","","","","","","","","","","","","","","","","","","","","","",""
"02 May 2023","","","4610001886","Purcahse Order ZSTO","0.00","0.00 Cr","","","","","","","","","","","","","","","","","","","","","","","","",""
"02 May 2023","","","4610001887","Purcahse Order ZSTO","0.00","0.00 Cr","","","","","","","","","","","","","","","","","","","","","","","","",""
"02 May 2023","","","4610001888","Purcahse Order ZSTO","0.00","0.00 Cr","","","","","","","","","","","","","","","","","","","","","","","","",""
"03 May 2023","0000011641-AIXIN ENTERPRISES","0000011641-AIXIN ENTERPRISES","4500003420","Purcahse Order ZSPR","63,544.00","74,981.92 Cr","","","","5,718.96 Dr","5,718.96 Dr","","","","","","","","","","","","","","","","","","","",""
"03 May 2023","0000030577-Elangovan Electrical Services","0000030577-Elangovan Electrical Services","4540005638","Purcahse Order ZSER","76,863.57","90,699.01 Cr","","","","6,917.72 Dr","6,917.72 Dr","","","","","","","","","","","","","","","","","","","",""
"03 May 2023","0000030876-Power Tech Electrical Engineering","0000030876-Power Tech Electrical Engineering","4540005639","Purcahse Order ZSER","54,684.00","64,527.12 Cr","","","","4,921.56 Dr","4,921.56 Dr","","","","","","","","","","","","","","","","","","","",""
"04 May 2023","0000030810-KSB Pumps Ltd","0000030810-KSB Pumps Ltd","4500003421","Purcahse Order ZSPR","27,688.70","32,672.66 Cr","","","","2,491.98 Dr","2,491.98 Dr","","","","","","","","","","","","","","","","","","","",""
"04 May 2023","0000010574-Inel Power System Engineers(P) Ltd","0000010574-Inel Power System Engineers(P) Ltd","4540005640","Purcahse Order ZSER","44,494.00","52,502.92 Cr","","","","4,004.46 Dr","4,004.46 Dr","","","","","","","","","","","","","","","","","","","",""
"04 May 2023","0000010039-Chennai Ferrous Industries Ltd","0000010039-Chennai Ferrous Industries Ltd","4600001053","Purcahse Order ZCOL","7,62,20,000.00","8,40,31,000.00 Cr","7,62,20,000.00 Dr","38,11,000.00 Dr","40,00,000.00 Dr","","","","","","","","","","","","","","","","","","","","","",""
"05 May 2023","0000010435-Vanjax Sales Private Limited","0000010435-Vanjax Sales Private Limited","4500003422","Purcahse Order ZSPR","70,200.00","82,836.00 Cr","","","","6,318.00 Dr","6,318.00 Dr","","","","","","","","","","","","","","","","","","","",""
"05 May 2023","0000011977-EBENEZAR TECHNOLOGIES","0000011977-EBENEZAR TECHNOLOGIES","4500003423","Purcahse Order ZSPR","5,860.00","6,670.00 Cr","","","","405.00 Dr","405.00 Dr","","","","","","","","","","","","","","","","","","","",""
"05 May 2023","0000031132-Safety Links","0000031132-Safety Links","4540005641","Purcahse Order ZSER","5,980.00","7,056.40 Cr","","","","538.20 Dr","538.20 Dr","","","","","","","","","","","","","","","","","","","",""
"05 May 2023","0000060124-Rugmini Travels","0000060124-Rugmini Travels","4540005642","Purcahse Order ZSER","12,300.00","12,300.00 Cr","","","","","","","","","","","","","","","","","","","","","","","","",""
"06 May 2023","0000011055-Metal Forms Pvt Ltd","0000011055-Metal Forms Pvt Ltd","4500003424","Purcahse Order ZSPR","5,47,000.00","6,45,460.00 Cr","","","","49,230.00 Dr","49,230.00 Dr","","","","","","","","","","","","","","","","","","","",""
"06 May 2023","0000010862-Sigma Power & Energy Engineers","0000010862-Sigma Power & Energy Engineers","4500003425","Purcahse Order ZSPR","5,53,994.50","6,53,713.52 Cr","","","","49,859.51 Dr","49,859.51 Dr","","","","","","","","","","","","","","","","","","","",""
"06 May 2023","0000010761-Air Systems Limited","0000010761-Air Systems Limited","4500003426","Purcahse Order ZSPR","4,10,210.00","4,84,047.80 Cr","","","","36,918.90 Dr","36,918.90 Dr","","","","","","","","","","","","","","","","","","","",""
"06 May 2023","0000010347-Total Maintenance Solutions","0000010347-Total Maintenance Solutions","4500003427","Purcahse Order ZSPR","3,70,000.00","4,36,600.00 Cr","","","","33,300.00 Dr","33,300.00 Dr","","","","","","","","","","","","","","","","","","","",""
"06 May 2023","0000010132-Maax Engineering","0000010132-Maax Engineering","4520000917","Purcahse Order ZDOM","9,500.00","11,505.00 Cr","","","","855.00 Dr","855.00 Dr","","","","","","","","","","","","","","","","","","","",""
"06 May 2023","","","4610001889","Purcahse Order ZSTO","0.00","0.00 Cr","","","","","","","","","","","","","","","","","","","","","","","","",""
"06 May 2023","","","4610001890","Purcahse Order ZSTO","0.00","0.00 Cr","","","","","","","","","","","","","","","","","","","","","","","","",""
"06 May 2023","","","4610001891","Purcahse Order ZSTO","0.00","0.00 Cr","","","","","","","","","","","","","","","","","","","","","","","","",""
"06 May 2023","","","4610001892","Purcahse Order ZSTO","0.00","0.00 Cr","","","","","","","","","","","","","","","","","","","","","","","","",""
"06 May 2023","","","4610001893","Purcahse Order ZSTO","0.00","0.00 Cr","","","","","","","","","","","","","","","","","","","","","","","","",""
"06 May 2023","","","4610001894","Purcahse Order ZSTO","0.00","0.00 Cr","","","","","","","","","","","","","","","","","","","","","","","","",""
"06 May 2023","","","4610001895","Purcahse Order ZSTO","0.00","0.00 Cr","","","","","","","","","","","","","","","","","","","","","","","","",""
"06 May 2023","","","4610001896","Purcahse Order ZSTO","0.00","0.00 Cr","","","","","","","","","","","","","","","","","","","","","","","","",""
"06 May 2023","","","4610001897","Purcahse Order ZSTO","0.00","0.00 Cr","","","","","","","","","","","","","","","","","","","","","","","","",""
"08 May 2023","0000011468-S & V Engineering Services","0000011468-S & V Engineering Services","4500003428","Purcahse Order ZSPR","3,40,000.00","4,01,200.00 Cr","","","","30,600.00 Dr","30,600.00 Dr","","","","","","","","","","","","","","","","","","","",""
"08 May 2023","0000010184-Rose Bearings (India)","0000010184-Rose Bearings (India)","4500003429","Purcahse Order ZSPR","26,680.00","31,482.40 Cr","","","","2,401.20 Dr","2,401.20 Dr","","","","","","","","","","","","","","","","","","","",""
"08 May 2023","0000010347-Total Maintenance Solutions","0000010347-Total Maintenance Solutions","4500003430","Purcahse Order ZSPR","51,963.00","61,316.34 Cr","","","","4,676.67 Dr","4,676.67 Dr","","","","","","","","","","","","","","","","","","","",""
"08 May 2023","0000011979-ENERTECH ELECTRIC ENTERPRISES PVT L","0000011979-ENERTECH ELECTRIC ENTERPRISES PVT L","4500003431","Purcahse Order ZSPR","2,983.00","6,502.94 Cr","","","","268.47 Dr","268.47 Dr","","","","","","","","","","","","","","","","","","","",""
"08 May 2023","0000011950-MADRAS  BEARING  AGENCY","0000011950-MADRAS  BEARING  AGENCY","4500003432","Purcahse Order ZSPR","16,800.00","19,824.00 Cr","","","","1,512.00 Dr","1,512.00 Dr","","","","","","","","","","","","","","","","","","","",""
"08 May 2023","0000010388-Flowtech Engineers","0000010388-Flowtech Engineers","4500003433","Purcahse Order ZSPR","4,33,260.40","4,95,141.48 Cr","","","","30,940.54 Dr","30,940.54 Dr","","","","","","","","","","","","","","","","","","","",""
"08 May 2023","0000011941-KUTTI AND NATHAN PRIVATE LIMITED","0000011941-KUTTI AND NATHAN PRIVATE LIMITED","4500003434","Purcahse Order ZSPR","61,544.00","1,34,165.92 Cr","","","","5,538.96 Dr","5,538.96 Dr","","","","","","","","","","","","","","","","","","","",""
"08 May 2023","0000010053-Durag India Instrumentation Pvt Ltd","0000010053-Durag India Instrumentation Pvt Ltd","4500003435","Purcahse Order ZSPR","6,06,000.00","7,15,080.00 Cr","","1,09,080.00 Dr","","","","","","","","","","","","","","","","","","","","","","",""
"08 May 2023","0000010340-BEST PULLEYS & COUPLINGS ( P ) LTD","0000010340-BEST PULLEYS & COUPLINGS ( P ) LTD","4500003436","Purcahse Order ZSPR","8,087.25","9,778.95 Cr","","","","727.85 Dr","727.85 Dr","","","","","","","","","","","","","","","","","","","",""
"08 May 2023","0000011421-Mercury Enterprises","0000011421-Mercury Enterprises","4500003437","Purcahse Order ZSPR","34,470.00","40,674.60 Cr","","","","3,102.30 Dr","3,102.30 Dr","","","","","","","","","","","","","","","","","","","",""
"08 May 2023","0000011976-NAVEEN CHEMICALS","0000011976-NAVEEN CHEMICALS","4510001683","Purcahse Order ZCON","2,500.00","5,450.00 Cr","","","","225.00 Dr","225.00 Dr","","","","","","","","","","","","","","","","","","","",""
"08 May 2023","0000011051-Kanniah Agencies","0000011051-Kanniah Agencies","4520000918","Purcahse Order ZDOM","20,339.00","24,000.02 Cr","","","","1,830.51 Dr","1,830.51 Dr","","","","","","","","","","","","","","","","","","","",""
"08 May 2023","0000030876-Power Tech Electrical Engineering","0000030876-Power Tech Electrical Engineering","4540005643","Purcahse Order ZSER","95,655.50","1,12,873.50 Cr","","","","8,609.00 Dr","8,609.00 Dr","","","","","","","","","","","","","","","","","","","",""
"08 May 2023","0000010790-Emerson Process Management(India)Pv","0000010790-Emerson Process Management(India)Pv","4540005644","Purcahse Order ZSER","35,000.00","41,300.00 Cr","","6,300.00 Dr","","","","","","","","","","","","","","","","","","","","","","",""
"08 May 2023","0000010110-Johnson Lifts (P) Ltd.,","0000010110-Johnson Lifts (P) Ltd.,","4540005645","Purcahse Order ZSER","13,843.22","16,335.00 Cr","","","","1,245.89 Dr","1,245.89 Dr","","","","","","","","","","","","","","","","","","","",""
"08 May 2023","0000030359-RR Insulation","0000030359-RR Insulation","4540005646","Purcahse Order ZSER","81,000.00","95,580.00 Cr","","","","7,290.00 Dr","7,290.00 Dr","","","","","","","","","","","","","","","","","","","",""
"08 May 2023","0000010016-Air Castle System and Services","0000010016-Air Castle System and Services","4540005647","Purcahse Order ZSER","1,00,000.00","1,18,000.00 Cr","","","","9,000.00 Dr","9,000.00 Dr","","","","","","","","","","","","","","","","","","","",""
"08 May 2023","0000010958-Ganapathy Auto Works","0000010958-Ganapathy Auto Works","4540005648","Purcahse Order ZSER","19,800.00","39,600.00 Cr","","","","","","","","","","","","","","","","","","","","","","","","",""
"08 May 2023","0000030843-Fast Track Pvt. Ltd.","0000030843-Fast Track Pvt. Ltd.","4540005649","Purcahse Order ZSER","24,274.00","25,487.70 Cr","","","","606.85 Dr","606.85 Dr","","","","","","","","","","","","","","","","","","","",""
"08 May 2023","0000031367-T7 Enterprises","0000031367-T7 Enterprises","4540005650","Purcahse Order ZSER","1,24,920.00","1,47,405.60 Cr","","","","11,242.80 Dr","11,242.80 Dr","","","","","","","","","","","","","","","","","","","",""
"08 May 2023","0000011565-Sri Sai Engineering","0000011565-Sri Sai Engineering","4540005651","Purcahse Order ZSER","56,000.00","56,000.00 Cr","","","","","","","","","","","","","","","","","","","","","","","","",""
"08 May 2023","0000030876-Power Tech Electrical Engineering","0000030876-Power Tech Electrical Engineering","4540005652","Purcahse Order ZSER","48,000.00","56,640.00 Cr","","","","4,320.00 Dr","4,320.00 Dr","","","","","","","","","","","","","","","","","","","",""
"08 May 2023","0000030401-P.Tamilselvi","0000030401-P.Tamilselvi","4540005653","Purcahse Order ZSER","5,03,211.00","5,03,211.00 Cr","","","","","","","","","","","","","","","","","","","","","","","","",""
"08 May 2023","0000031142-Archer Integrated Services Pvt.Ltd.","0000031142-Archer Integrated Services Pvt.Ltd.","4540005655","Purcahse Order ZSER","22,55,177.00","24,06,128.56 Cr","","","","75,475.78 Dr","75,475.78 Dr","","","","","","","","","","","","","","","","","","","",""
"08 May 2023","0000010031-Blue Star Limited","0000010031-Blue Star Limited","4540005656","Purcahse Order ZSER","6,79,674.16","8,02,015.52 Cr","","","","61,170.68 Dr","61,170.68 Dr","","","","","","","","","","","","","","","","","","","",""
"08 May 2023","0000031274-Magimaidass Rani","0000031274-Magimaidass Rani","4540005657","Purcahse Order ZSER","8,54,423.00","8,54,423.00 Cr","","","","","","","","","","","","","","","","","","","","","","","","",""
"09 May 2023","0000011980-SAMAS ENGINEERING CORPORATION","0000011980-SAMAS ENGINEERING CORPORATION","4500003438","Purcahse Order ZSPR","37,850.00","82,513.00 Cr","","","","3,406.50 Dr","3,406.50 Dr","","","","","","","","","","","","","","","","","","","",""
"09 May 2023","0000011523-Nazrex Hard Tools Complex","0000011523-Nazrex Hard Tools Complex","4510001684","Purcahse Order ZCON","4,332.00","5,111.76 Cr","","","","389.88 Dr","389.88 Dr","","","","","","","","","","","","","","","","","","","",""
"09 May 2023","0000010242-Thejo Engineering Limited","0000010242-Thejo Engineering Limited","4510001685","Purcahse Order ZCON","5,430.00","6,327.60 Cr","","","","448.80 Dr","448.80 Dr","","","","","","","","","","","","","","","","","","","",""
"09 May 2023","0000010570-Goodwill Engineering Company","0000010570-Goodwill Engineering Company","4510001686","Purcahse Order ZCON","25,920.00","30,585.60 Cr","","","","2,332.80 Dr","2,332.80 Dr","","","","","","","","","","","","","","","","","","","",""
"09 May 2023","0000031348-Keerthi fabrication engineering wor","0000031348-Keerthi fabrication engineering wor","4530001032","Purcahse Order ZASS","34,45,200.00","40,65,336.00 Cr","","6,20,136.00 Dr","","","","","","","","","","","","","","","","","","","","","","",""
"09 May 2023","0000031348-Keerthi fabrication engineering wor","0000031348-Keerthi fabrication engineering wor","4540005658","Purcahse Order ZSER","17,22,600.00","20,32,668.00 Cr","","3,10,068.00 Dr","","","","","","","","","","","","","","","","","","","","","","",""
"09 May 2023","0000030405-I R Technology Services Pvt Ltd","0000030405-I R Technology Services Pvt Ltd","4540005659","Purcahse Order ZSER","42,500.00","50,150.00 Cr","","7,650.00 Dr","","","","","","","","","","","","","","","","","","","","","","",""
"09 May 2023","0000060119-Sheetal and Associates","0000060119-Sheetal and Associates","4540005660","Purcahse Order ZSER","75,000.00","88,500.00 Cr","","","","6,750.00 Dr","6,750.00 Dr","","","","","","","","","","","","","","","","","","","",""
"10 May 2023","0000011607-SNK Rolling Bearing","0000011607-SNK Rolling Bearing","4500003440","Purcahse Order ZSPR","26,122.00","56,945.96 Cr","","4,701.96 Dr","","","","","","","","","","","","","","","","","","","","","","",""
"10 May 2023","0000011496-TN Oxygen Private Limited","0000011496-TN Oxygen Private Limited","4510001687","Purcahse Order ZCON","17,319.10","20,436.54 Cr","","","","1,558.72 Dr","1,558.72 Dr","","","","","","","","","","","","","","","","","","","",""
"10 May 2023","0000011496-TN Oxygen Private Limited","0000011496-TN Oxygen Private Limited","4510001688","Purcahse Order ZCON","17,369.00","20,495.42 Cr","","","","1,563.21 Dr","1,563.21 Dr","","","","","","","","","","","","","","","","","","","",""
"10 May 2023","0000010409-Budhaguru Seal","0000010409-Budhaguru Seal","4510001689","Purcahse Order ZCON","73,500.00","85,230.00 Cr","","","","6,615.00 Dr","6,615.00 Dr","","","","","","","","","","","","","","","","","","","",""
"10 May 2023","0000031245-Mtandt Limited","0000031245-Mtandt Limited","4520000919","Purcahse Order ZDOM","39,900.00","48,262.00 Cr","","","","3,591.00 Dr","3,591.00 Dr","","","","","","","","","","","","","","","","","","","",""
"10 May 2023","0000011655-UNIQUE PUMP SOLUTION & SERVICES","0000011655-UNIQUE PUMP SOLUTION & SERVICES","4520000920","Purcahse Order ZDOM","11,500.00","25,070.00 Cr","","","","1,035.00 Dr","1,035.00 Dr","","","","","","","","","","","","","","","","","","","",""
"10 May 2023","0000030816-Safe Rider Logistics India Pvt.Ltd","0000030816-Safe Rider Logistics India Pvt.Ltd","4540005661","Purcahse Order ZSER","10,368.00","10,886.40 Cr","","","","259.20 Dr","259.20 Dr","","","","","","","","","","","","","","","","","","","",""
"10 May 2023","0000030910-Guindy Chennai Stays","0000030910-Guindy Chennai Stays","4540005662","Purcahse Order ZSER","16,800.00","18,816.00 Cr","","","","1,008.00 Dr","1,008.00 Dr","","","","","","","","","","","","","","","","","","","",""
"10 May 2023","0000010984-VK Engineering & Services","0000010984-VK Engineering & Services","4540005663","Purcahse Order ZSER","35,815.00","42,261.70 Cr","","","","3,223.35 Dr","3,223.35 Dr","","","","","","","","","","","","","","","","","","","",""
"10 May 2023","0000011768-PROMEDIA TRADING PRIVATE LIMITED","0000011768-PROMEDIA TRADING PRIVATE LIMITED","4600001054","Purcahse Order ZCOL","37,25,000.00","39,11,250.00 Cr","37,25,000.00 Dr","","","93,125.00 Dr","93,125.00 Dr","","","","","","","","","","","","","","","","","","","",""
"11 May 2023","0000011538-Krishna Enterprises","0000011538-Krishna Enterprises","4520000921","Purcahse Order ZDOM","31,000.00","37,150.00 Cr","","","","3,075.00 Dr","3,075.00 Dr","","","","","","","","","","","","","","","","","","","",""
"11 May 2023","0000010802-Metrohm India Limited","0000010802-Metrohm India Limited","4540005664","Purcahse Order ZSER","34,000.00","40,120.00 Cr","","","","3,060.00 Dr","3,060.00 Dr","","","","","","","","","","","","","","","","","","","",""
"11 May 2023","0000010039-Chennai Ferrous Industries Ltd","0000010039-Chennai Ferrous Industries Ltd","4600001055","Purcahse Order ZCOL","5,52,00,000.00","6,03,60,000.00 Cr","5,52,00,000.00 Dr","27,60,000.00 Dr","24,00,000.00 Dr","","","","","","","","","","","","","","","","","","","","","",""
"11 May 2023","0000010039-Chennai Ferrous Industries Ltd","0000010039-Chennai Ferrous Industries Ltd","4600001056","Purcahse Order ZCOL","6,98,30,782.28","7,69,87,017.40 Cr","6,98,30,782.28 Dr","34,91,539.12 Dr","36,64,696.00 Dr","","","","","","","","","","","","","","","","","","","","","",""
"11 May 2023","","","4610001898","Purcahse Order ZSTO","0.00","0.00 Cr","","","","","","","","","","","","","","","","","","","","","","","","",""
"11 May 2023","0000011896-SUPER ENTERPRISES","0000011896-SUPER ENTERPRISES","41","Purcahse Order ZNPA","8,970.00","10,584.60 Cr","","","","807.30 Dr","807.30 Dr","","","","","","","","","","","","","","","","","","","",""
"15 May 2023","0000031234-Alpha Hospitals","0000031234-Alpha Hospitals","4540005665","Purcahse Order ZSER","3,208.00","3,208.00 Cr","","","","","","","","","","","","","","","","","","","","","","","","",""
"15 May 2023","0000090145-Adani Enterprises Limited","0000090145-Adani Enterprises Limited","4600001057","Purcahse Order ZCOL","18,56,00,000.00","19,48,80,000.00 Cr","18,56,00,000.00 Dr","","","46,40,000.00 Dr","46,40,000.00 Dr","","","","","","","","","","","","","","","","","","","",""
"15 May 2023","","","4610001899","Purcahse Order ZSTO","0.00","0.00 Cr","","","","","","","","","","","","","","","","","","","","","","","","",""
"15 May 2023","","","4610001900","Purcahse Order ZSTO","0.00","0.00 Cr","","","","","","","","","","","","","","","","","","","","","","","","",""
"15 May 2023","","","4610001901","Purcahse Order ZSTO","0.00","0.00 Cr","","","","","","","","","","","","","","","","","","","","","","","","",""
"15 May 2023","","","4610001902","Purcahse Order ZSTO","0.00","0.00 Cr","","","","","","","","","","","","","","","","","","","","","","","","",""
"15 May 2023","","","4610001903","Purcahse Order ZSTO","0.00","0.00 Cr","","","","","","","","","","","","","","","","","","","","","","","","",""
"15 May 2023","","","4610001904","Purcahse Order ZSTO","0.00","0.00 Cr","","","","","","","","","","","","","","","","","","","","","","","","",""
"15 May 2023","","","4610001905","Purcahse Order ZSTO","0.00","0.00 Cr","","","","","","","","","","","","","","","","","","","","","","","","",""
"15 May 2023","","","4610001906","Purcahse Order ZSTO","0.00","0.00 Cr","","","","","","","","","","","","","","","","","","","","","","","","",""
"16 May 2023","0000010159-P & G Enterprises","0000010159-P & G Enterprises","4510001690","Purcahse Order ZCON","1,38,600.00","1,63,548.00 Cr","","","","12,474.00 Dr","12,474.00 Dr","","","","","","","","","","","","","","","","","","","",""
"16 May 2023","0000010570-Goodwill Engineering Company","0000010570-Goodwill Engineering Company","4510001691","Purcahse Order ZCON","1,15,000.00","1,38,060.00 Cr","","","","10,350.00 Dr","10,350.00 Dr","","","","","","","","","","","","","","","","","","","",""
"16 May 2023","0000030997-Grouting Specialist","0000030997-Grouting Specialist","4540005666","Purcahse Order ZSER","70,250.00","82,895.00 Cr","","","","6,322.50 Dr","6,322.50 Dr","","","","","","","","","","","","","","","","","","","",""
"16 May 2023","0000030131-SRI PALANI MURUGAN ENGINEERING WORK","0000030131-SRI PALANI MURUGAN ENGINEERING WORK","4540005667","Purcahse Order ZSER","2,200.00","2,596.00 Cr","","","","198.00 Dr","198.00 Dr","","","","","","","","","","","","","","","","","","","",""
"16 May 2023","0000031414-MONARCH BIOTECH PVT LTD","0000031414-MONARCH BIOTECH PVT LTD","4540005668","Purcahse Order ZSER","18,750.00","40,875.00 Cr","","","","1,687.50 Dr","1,687.50 Dr","","","","","","","","","","","","","","","","","","","",""
"16 May 2023","0000030083-NICCO ENGINEERING SERVICES LTD","0000030083-NICCO ENGINEERING SERVICES LTD","4540005669","Purcahse Order ZSER","88,000.00","1,03,840.00 Cr","","","","7,920.00 Dr","7,920.00 Dr","","","","","","","","","","","","","","","","","","","",""
"16 May 2023","0000031087-STL Engineers","0000031087-STL Engineers","4540005670","Purcahse Order ZSER","80,475.00","94,960.50 Cr","","","","7,242.75 Dr","7,242.75 Dr","","","","","","","","","","","","","","","","","","","",""
"17 May 2023","0000010736-Bangalore Fluid System Components P","0000010736-Bangalore Fluid System Components P","4500003441","Purcahse Order ZSPR","79,552.00","95,051.36 Cr","","14,319.36 Dr","","","","","","","","","","","","","","","","","","","","","","",""
"17 May 2023","0000010570-Goodwill Engineering Company","0000010570-Goodwill Engineering Company","4500003442","Purcahse Order ZSPR","10,660.00","12,578.80 Cr","","","","959.40 Dr","959.40 Dr","","","","","","","","","","","","","","","","","","","",""
"17 May 2023","0000011205-Power Tech Controls","0000011205-Power Tech Controls","4500003443","Purcahse Order ZSPR","22,776.00","26,875.68 Cr","","","","2,049.84 Dr","2,049.84 Dr","","","","","","","","","","","","","","","","","","","",""
"17 May 2023","0000010570-Goodwill Engineering Company","0000010570-Goodwill Engineering Company","4500003444","Purcahse Order ZSPR","95,582.00","1,12,786.76 Cr","","","","8,602.38 Dr","8,602.38 Dr","","","","","","","","","","","","","","","","","","","",""
"17 May 2023","0000011843-SRIGARUDA ENTERPRISES","0000011843-SRIGARUDA ENTERPRISES","4510001692","Purcahse Order ZCON","19,400.00","20,370.00 Cr","","","","485.00 Dr","485.00 Dr","","","","","","","","","","","","","","","","","","","",""
"17 May 2023","0000011797-STAR OFFICE BAZAAR PVT LTD","0000011797-STAR OFFICE BAZAAR PVT LTD","4520000922","Purcahse Order ZDOM","53,825.00","61,833.50 Cr","","","","4,004.25 Dr","4,004.25 Dr","","","","","","","","","","","","","","","","","","","",""
"17 May 2023","0000031142-Archer Integrated Services Pvt.Ltd.","0000031142-Archer Integrated Services Pvt.Ltd.","4540005671","Purcahse Order ZSER","93,000.00","97,650.00 Cr","","","","2,325.00 Dr","2,325.00 Dr","","","","","","","","","","","","","","","","","","","",""
"17 May 2023","0000010390-Sartech INTL","0000010390-Sartech INTL","4540005672","Purcahse Order ZSER","10,500.00","12,390.00 Cr","","","","945.00 Dr","945.00 Dr","","","","","","","","","","","","","","","","","","","",""
"17 May 2023","0000030513-Sunil","0000030513-Sunil","4540005673","Purcahse Order ZSER","4,54,876.00","5,27,528.14 Cr","","","","36,326.07 Dr","36,326.07 Dr","","","","","","","","","","","","","","","","","","","",""
"17 May 2023","0000030156-Y. Kanchana","0000030156-Y. Kanchana","4540005674","Purcahse Order ZSER","1,71,182.92","2,01,995.84 Cr","","","","15,406.46 Dr","15,406.46 Dr","","","","","","","","","","","","","","","","","","","",""
"17 May 2023","0000011983-Westart Communications India Privat","0000011983-Westart Communications India Privat","4600001058","Purcahse Order ZCOL","6,90,000.00","7,24,500.00 Cr","6,90,000.00 Dr","","","17,250.00 Dr","17,250.00 Dr","","","","","","","","","","","","","","","","","","","",""
"17 May 2023","0000011981-SRI PADMAVATHI BIO BRIQUETTES","0000011981-SRI PADMAVATHI BIO BRIQUETTES","4600001059","Purcahse Order ZCOL","19,50,000.00","20,47,500.00 Cr","19,50,000.00 Dr","97,500.00 Dr","","","","","","","","","","","","","","","","","","","","","","",""
"17 May 2023","0000011982-SREENEE GREEN ENERGIES","0000011982-SREENEE GREEN ENERGIES","4600001060","Purcahse Order ZCOL","19,20,000.00","20,16,000.00 Cr","19,20,000.00 Dr","96,000.00 Dr","","","","","","","","","","","","","","","","","","","","","","",""
"17 May 2023","0000031514-CYBERTIPS4U Technologies","0000031514-CYBERTIPS4U Technologies","42","Purcahse Order ZNPA","14,000.00","16,520.00 Cr","","","","1,260.00 Dr","1,260.00 Dr","","","","","","","","","","","","","","","","","","","",""
"18 May 2023","0000030806-Chemical Consultants","0000030806-Chemical Consultants","4540005675","Purcahse Order ZSER","1,80,000.00","2,12,400.00 Cr","","","","16,200.00 Dr","16,200.00 Dr","","","","","","","","","","","","","","","","","","","",""
"19 May 2023","0000010136-Madras Hardtools Agencies P Ltd","0000010136-Madras Hardtools Agencies P Ltd","4500003445","Purcahse Order ZSPR","16,834.00","18,854.08 Cr","","","","1,010.04 Dr","1,010.04 Dr","","","","","","","","","","","","","","","","","","","",""
"19 May 2023","0000011884-NJ INDUSTRIAL PRODUCTS","0000011884-NJ INDUSTRIAL PRODUCTS","4500003446","Purcahse Order ZSPR","46,400.00","58,252.00 Cr","","","","4,176.00 Dr","4,176.00 Dr","","","","","","","","","","","","","","","","","","","",""
"19 May 2023","0000010059-Equipment Fabricators & Traders","0000010059-Equipment Fabricators & Traders","4500003447","Purcahse Order ZSPR","75,090.00","88,606.20 Cr","","","","6,758.10 Dr","6,758.10 Dr","","","","","","","","","","","","","","","","","","","",""
"19 May 2023","0000011035-A.M.R.Vegetables Shop","0000011035-A.M.R.Vegetables Shop","4520000923","Purcahse Order ZDOM","21,520.00","21,520.00 Cr","","","","","","","","","","","","","","","","","","","","","","","","",""
"19 May 2023","0000060228-TATA Teleservices Limited","0000060228-TATA Teleservices Limited","4540005676","Purcahse Order ZSER","43,750.00","51,625.00 Cr","","","","3,937.50 Dr","3,937.50 Dr","","","","","","","","","","","","","","","","","","","",""
"19 May 2023","0000060291-POORNIMA.J","0000060291-POORNIMA.J","4540005677","Purcahse Order ZSER","1,38,000.00","1,38,000.00 Cr","","","","","","","","","","","","","","","","","","","","","","","","",""
"19 May 2023","0000700059-S.Vani","0000700059-S.Vani","4540005678","Purcahse Order ZSER","72,000.00","72,000.00 Cr","","","","","","","","","","","","","","","","","","","","","","","","",""
"19 May 2023","0000060286-Parent Teachers Association","0000060286-Parent Teachers Association","4540005679","Purcahse Order ZSER","1,44,000.00","1,44,000.00 Cr","","","","","","","","","","","","","","","","","","","","","","","","",""
"19 May 2023","0000030714-Ashok Cranes","0000030714-Ashok Cranes","4540005680","Purcahse Order ZSER","33,600.00","33,600.00 Cr","","","","","","","","","","","","","","","","","","","","","","","","",""
"19 May 2023","0000060293-S.SANTHI","0000060293-S.SANTHI","4540005681","Purcahse Order ZSER","1,44,000.00","1,44,000.00 Cr","","","","","","","","","","","","","","","","","","","","","","","","",""
"19 May 2023","0000011663-KMech Engineers","0000011663-KMech Engineers","4540005682","Purcahse Order ZSER","25,380.00","29,948.40 Cr","","4,568.40 Dr","","","","","","","","","","","","","","","","","","","","","","",""
"19 May 2023","0000700060-Headmaster, P.U.M.School,Pethikuppa","0000700060-Headmaster, P.U.M.School,Pethikuppa","4540005683","Purcahse Order ZSER","1,44,000.00","1,44,000.00 Cr","","","","","","","","","","","","","","","","","","","","","","","","",""
"19 May 2023","0000060290-MARIAPPAN.R","0000060290-MARIAPPAN.R","4540005684","Purcahse Order ZSER","1,02,000.00","1,02,000.00 Cr","","","","","","","","","","","","","","","","","","","","","","","","",""
"19 May 2023","0000031252-K.G.Sadagopan","0000031252-K.G.Sadagopan","4540005685","Purcahse Order ZSER","1,02,000.00","1,02,000.00 Cr","","","","","","","","","","","","","","","","","","","","","","","","",""
"20 May 2023","0000011942-CARITAS FIRE SAFETY SOLUTIONS PVT L","0000011942-CARITAS FIRE SAFETY SOLUTIONS PVT L","4500003448","Purcahse Order ZSPR","52,500.00","1,14,450.00 Cr","","","","4,725.00 Dr","4,725.00 Dr","","","","","","","","","","","","","","","","","","","",""
"20 May 2023","0000090145-Adani Enterprises Limited","0000090145-Adani Enterprises Limited","4600001061","Purcahse Order ZCOL","18,16,00,000.00","19,86,80,000.00 Cr","18,16,00,000.00 Dr","","80,00,000.00 Dr","45,40,000.00 Dr","45,40,000.00 Dr","","","","","","","","","","","","","","","","","","","",""
"24 May 2023","0000030843-Fast Track Pvt. Ltd.","0000030843-Fast Track Pvt. Ltd.","4540005686","Purcahse Order ZSER","58,199.00","61,108.96 Cr","","","","1,454.98 Dr","1,454.98 Dr","","","","","","","","","","","","","","","","","","","",""
"24 May 2023","0000090009-Inspectorate Griffith India Pvt Ltd","0000090009-Inspectorate Griffith India Pvt Ltd","4540005687","Purcahse Order ZSER","33,875.00","39,972.50 Cr","","","","3,048.75 Dr","3,048.75 Dr","","","","","","","","","","","","","","","","","","","",""
"24 May 2023","0000090141-Leon Inspection & Testing India Pvt","0000090141-Leon Inspection & Testing India Pvt","4540005688","Purcahse Order ZSER","33,750.00","39,825.00 Cr","","","","3,037.50 Dr","3,037.50 Dr","","","","","","","","","","","","","","","","","","","",""
"24 May 2023","0000090141-Leon Inspection & Testing India Pvt","0000090141-Leon Inspection & Testing India Pvt","4540005689","Purcahse Order ZSER","82,250.00","97,055.00 Cr","","","","7,402.50 Dr","7,402.50 Dr","","","","","","","","","","","","","","","","","","","",""
"24 May 2023","0000031134-Nikaki Gears & Spares","0000031134-Nikaki Gears & Spares","4540005690","Purcahse Order ZSER","25,875.00","30,532.50 Cr","","","","2,328.75 Dr","2,328.75 Dr","","","","","","","","","","","","","","","","","","","",""
"24 May 2023","","","4610001907","Purcahse Order ZSTO","0.00","0.00 Cr","","","","","","","","","","","","","","","","","","","","","","","","",""
"25 May 2023","0000010722-Forbes Marshall Pvt. Ltd.,","0000010722-Forbes Marshall Pvt. Ltd.,","4500003449","Purcahse Order ZSPR","90,900.00","1,07,852.00 Cr","","16,362.00 Dr","","","","","","","","","","","","","","","","","","","","","","",""
"25 May 2023","0000010086-Hindustan Hydraulics & Pneumatics","0000010086-Hindustan Hydraulics & Pneumatics","4500003450","Purcahse Order ZSPR","6,975.00","8,230.50 Cr","","","","627.75 Dr","627.75 Dr","","","","","","","","","","","","","","","","","","","",""
"25 May 2023","0000010103-J.K.T Electricals","0000010103-J.K.T Electricals","4500003451","Purcahse Order ZSPR","8,400.00","9,912.00 Cr","","","","756.00 Dr","756.00 Dr","","","","","","","","","","","","","","","","","","","",""
"25 May 2023","0000011288-Mahalinga Enterprises","0000011288-Mahalinga Enterprises","4500003452","Purcahse Order ZSPR","1,76,000.00","2,07,680.00 Cr","","","","15,840.00 Dr","15,840.00 Dr","","","","","","","","","","","","","","","","","","","",""
"25 May 2023","0000031513-LAXMAN CONSULTANCY AND SERVICES","0000031513-LAXMAN CONSULTANCY AND SERVICES","4500003453","Purcahse Order ZSPR","4,50,000.00","9,81,000.00 Cr","","81,000.00 Dr","","","","","","","","","","","","","","","","","","","","","","",""
"25 May 2023","0000011024-Merrick Industries Pvt Ltd","0000011024-Merrick Industries Pvt Ltd","4500003454","Purcahse Order ZSPR","4,30,000.00","5,07,400.00 Cr","","77,400.00 Dr","","","","","","","","","","","","","","","","","","","","","","",""
"25 May 2023","0000010187-S.S.Rubbers Pvt Ltd","0000010187-S.S.Rubbers Pvt Ltd","4500003455","Purcahse Order ZSPR","1,32,800.00","1,56,704.00 Cr","","23,904.00 Dr","","","","","","","","","","","","","","","","","","","","","","",""
"25 May 2023","0000010353-M.L. Engineering","0000010353-M.L. Engineering","4500003456","Purcahse Order ZSPR","1,50,900.00","1,78,062.00 Cr","","","","13,581.00 Dr","13,581.00 Dr","","","","","","","","","","","","","","","","","","","",""
"25 May 2023","0000031516-K STUDIO","0000031516-K STUDIO","4540005691","Purcahse Order ZSER","17,700.00","35,400.00 Cr","","","","","","","","","","","","","","","","","","","","","","","","",""
"25 May 2023","0000060123-Sai Baba Business Solutions Pvt Ltd","0000060123-Sai Baba Business Solutions Pvt Ltd","4540005692","Purcahse Order ZSER","23,000.00","27,140.00 Cr","","","","2,070.00 Dr","2,070.00 Dr","","","","","","","","","","","","","","","","","","","",""
"25 May 2023","0000030568-Genius Consultants Limited","0000030568-Genius Consultants Limited","4540005693","Purcahse Order ZSER","8,76,326.00","10,34,064.68 Cr","","","","78,869.34 Dr","78,869.34 Dr","","","","","","","","","","","","","","","","","","","",""
"25 May 2023","0000030568-Genius Consultants Limited","0000030568-Genius Consultants Limited","4540005694","Purcahse Order ZSER","9,68,598.00","11,42,945.64 Cr","","","","87,173.82 Dr","87,173.82 Dr","","","","","","","","","","","","","","","","","","","",""
"25 May 2023","0000031367-T7 Enterprises","0000031367-T7 Enterprises","4540005695","Purcahse Order ZSER","1,00,000.00","1,18,000.00 Cr","","","","9,000.00 Dr","9,000.00 Dr","","","","","","","","","","","","","","","","","","","",""
"25 May 2023","0000011538-Krishna Enterprises","0000011538-Krishna Enterprises","4540005696","Purcahse Order ZSER","3,70,000.00","4,36,600.00 Cr","","","","33,300.00 Dr","33,300.00 Dr","","","","","","","","","","","","","","","","","","","",""
"25 May 2023","0000031491-SAGE Sustainability","0000031491-SAGE Sustainability","4540005697","Purcahse Order ZSER","5,50,500.00","6,49,590.00 Cr","","99,090.00 Dr","","","","","","","","","","","","","","","","","","","","","","",""
"26 May 2023","0000031404-Safe Secure Safety Equipment","0000031404-Safe Secure Safety Equipment","4510001672","Purcahse Order ZCON","26,050.00","29,176.00 Cr","","","","1,563.00 Dr","1,563.00 Dr","","","","","","","","","","","","","","","","","","","",""
"26 May 2023","0000031517-VB Interior & Constructions","0000031517-VB Interior & Constructions","4540005698","Purcahse Order ZSER","4,45,000.00","9,70,100.00 Cr","","","","40,050.00 Dr","40,050.00 Dr","","","","","","","","","","","","","","","","","","","",""
"29 May 2023","0000011987-S S HYDRO SYSTEMS","0000011987-S S HYDRO SYSTEMS","4500003457","Purcahse Order ZSPR","60,502.00","1,31,894.36 Cr","","","","5,445.18 Dr","5,445.18 Dr","","","","","","","","","","","","","","","","","","","",""
"29 May 2023","0000010086-Hindustan Hydraulics & Pneumatics","0000010086-Hindustan Hydraulics & Pneumatics","4500003458","Purcahse Order ZSPR","39,289.50","46,361.62 Cr","","","","3,536.06 Dr","3,536.06 Dr","","","","","","","","","","","","","","","","","","","",""
"29 May 2023","0000010073-Gem Equipments (P) Limited","0000010073-Gem Equipments (P) Limited","4500003459","Purcahse Order ZSPR","99,000.00","1,17,300.00 Cr","","","","8,910.00 Dr","8,910.00 Dr","","","","","","","","","","","","","","","","","","","",""
"29 May 2023","0000011428-Shaktiman Equipments Pvt.Ltd.","0000011428-Shaktiman Equipments Pvt.Ltd.","4500003460","Purcahse Order ZSPR","37,743.20","44,536.98 Cr","","","","3,396.89 Dr","3,396.89 Dr","","","","","","","","","","","","","","","","","","","",""
"29 May 2023","0000010070-Gee Gee Kay Pvt Ltd","0000010070-Gee Gee Kay Pvt Ltd","4510001693","Purcahse Order ZCON","64,000.00","75,520.00 Cr","","","","5,760.00 Dr","5,760.00 Dr","","","","","","","","","","","","","","","","","","","",""
"29 May 2023","0000011496-TN Oxygen Private Limited","0000011496-TN Oxygen Private Limited","4510001694","Purcahse Order ZCON","3,225.00","3,805.50 Cr","","","","290.25 Dr","290.25 Dr","","","","","","","","","","","","","","","","","","","",""
"29 May 2023","0000011988-R.NITHYAKALYANI","0000011988-R.NITHYAKALYANI","4540005699","Purcahse Order ZSER","66,000.00","1,32,000.00 Cr","","","","","","","","","","","","","","","","","","","","","","","","",""
"29 May 2023","0000030876-Power Tech Electrical Engineering","0000030876-Power Tech Electrical Engineering","4540005700","Purcahse Order ZSER","70,000.00","82,600.00 Cr","","","","6,300.00 Dr","6,300.00 Dr","","","","","","","","","","","","","","","","","","","",""
"30 May 2023","0000011892-INTAS AUTOMATIONS","0000011892-INTAS AUTOMATIONS","4500003461","Purcahse Order ZSPR","2,000.00","2,360.00 Cr","","","","180.00 Dr","180.00 Dr","","","","","","","","","","","","","","","","","","","",""
"30 May 2023","0000010665-BMW Steels Ltd","0000010665-BMW Steels Ltd","4500003462","Purcahse Order ZSPR","1,34,000.00","1,58,120.00 Cr","","24,120.00 Dr","","","","","","","","","","","","","","","","","","","","","","",""
"30 May 2023","0000011990-TAPAIR ENGINEERING PVT. LTD","0000011990-TAPAIR ENGINEERING PVT. LTD","4500003463","Purcahse Order ZSPR","69,229.35","1,50,920.00 Cr","","","","6,230.65 Dr","6,230.65 Dr","","","","","","","","","","","","","","","","","","","",""
"30 May 2023","0000030577-Elangovan Electrical Services","0000030577-Elangovan Electrical Services","4540005701","Purcahse Order ZSER","74,237.56","87,600.32 Cr","","","","6,681.38 Dr","6,681.38 Dr","","","","","","","","","","","","","","","","","","","",""
"30 May 2023","0000031367-T7 Enterprises","0000031367-T7 Enterprises","4540005702","Purcahse Order ZSER","18,000.00","21,240.00 Cr","","","","1,620.00 Dr","1,620.00 Dr","","","","","","","","","","","","","","","","","","","",""
"30 May 2023","0000030047-G.RAVI","0000030047-G.RAVI","4540005703","Purcahse Order ZSER","83,000.00","83,000.00 Cr","","","","","","","","","","","","","","","","","","","","","","","","",""
"30 May 2023","0000011538-Krishna Enterprises","0000011538-Krishna Enterprises","4540005704","Purcahse Order ZSER","72,000.00","84,960.00 Cr","","","","6,480.00 Dr","6,480.00 Dr","","","","","","","","","","","","","","","","","","","",""
"01 Jun 2023","0000011663-KMech Engineers","0000011663-KMech Engineers","4600001062","Purcahse Order ZSCF","53,00,000.00","62,54,000.00 Cr","","9,54,000.00 Dr","","","","","","","","","","","","","","","","","","","","","","",""
"01 Jun 2023","","","4610001908","Purcahse Order ZSTO","0.00","0.00 Cr","","","","","","","","","","","","","","","","","","","","","","","","",""
"02 Jun 2023","0000011538-Krishna Enterprises","0000011538-Krishna Enterprises","4540005705","Purcahse Order ZSER","3,60,000.00","4,24,800.00 Cr","","","","32,400.00 Dr","32,400.00 Dr","","","","","","","","","","","","","","","","","","","",""
"03 Jun 2023","0000031142-Archer Integrated Services Pvt.Ltd.","0000031142-Archer Integrated Services Pvt.Ltd.","4540005706","Purcahse Order ZSER","90,000.00","94,500.00 Cr","","","","2,250.00 Dr","2,250.00 Dr","","","","","","","","","","","","","","","","","","","",""
"03 Jun 2023","0000011538-Krishna Enterprises","0000011538-Krishna Enterprises","4540005707","Purcahse Order ZSER","32,500.00","38,350.00 Cr","","","","2,925.00 Dr","2,925.00 Dr","","","","","","","","","","","","","","","","","","","",""
"03 Jun 2023","0000030485-MARS Pest Management Systems (I) Pv","0000030485-MARS Pest Management Systems (I) Pv","4540005709","Purcahse Order ZSER","6,500.00","7,670.00 Cr","","","","585.00 Dr","585.00 Dr","","","","","","","","","","","","","","","","","","","",""
"03 Jun 2023","0000030997-Grouting Specialist","0000030997-Grouting Specialist","4540005710","Purcahse Order ZSER","46,250.00","54,575.00 Cr","","","","4,162.50 Dr","4,162.50 Dr","","","","","","","","","","","","","","","","","","","",""
"03 Jun 2023","0000030140-TamilNadu Waste Management Ltd","0000030140-TamilNadu Waste Management Ltd","4540005711","Purcahse Order ZSER","60,000.00","60,000.00 Cr","","","","","","","","","","","","","","","","","","","","","","","","",""
"05 Jun 2023","0000030687-KSB Pumps Ltd","0000030687-KSB Pumps Ltd","4500003465","Purcahse Order ZSPR","67,261.76","79,368.87 Cr","","12,107.11 Dr","","","","","","","","","","","","","","","","","","","","","","",""
"05 Jun 2023","0000011327-Trust Well Engineers India Pvt Ltd","0000011327-Trust Well Engineers India Pvt Ltd","4500003466","Purcahse Order ZSPR","74,000.00","1,00,640.00 Cr","","26,640.00 Dr","","","","","","","","","","","","","","","","","","","","","","",""
"05 Jun 2023","0000011892-INTAS AUTOMATIONS","0000011892-INTAS AUTOMATIONS","4500003467","Purcahse Order ZSPR","14,250.00","16,815.00 Cr","","","","1,282.50 Dr","1,282.50 Dr","","","","","","","","","","","","","","","","","","","",""
"05 Jun 2023","0000011994-AVS POWER TECHNOLOGIES PVT LTD","0000011994-AVS POWER TECHNOLOGIES PVT LTD","4500003468","Purcahse Order ZSPR","25,840.00","61,331.20 Cr","","4,651.20 Dr","","","","","","","","","","","","","","","","","","","","","","",""
"06 Jun 2023","0000031398-Time4Cycles","0000031398-Time4Cycles","43","Purcahse Order ZNPA","43,750.00","92,750.00 Cr","","","","2,625.00 Dr","2,625.00 Dr","","","","","","","","","","","","","","","","","","","",""
"07 Jun 2023","0000010983-Bharani Electronics","0000010983-Bharani Electronics","4500003469","Purcahse Order ZSPR","16,400.00","19,647.00 Cr","","","","1,476.00 Dr","1,476.00 Dr","","","","","","","","","","","","","","","","","","","",""
"07 Jun 2023","0000010103-J.K.T Electricals","0000010103-J.K.T Electricals","4500003470","Purcahse Order ZSPR","10,940.00","13,449.20 Cr","","","","984.60 Dr","984.60 Dr","","","","","","","","","","","","","","","","","","","",""
"07 Jun 2023","0000011884-NJ INDUSTRIAL PRODUCTS","0000011884-NJ INDUSTRIAL PRODUCTS","4500003471","Purcahse Order ZSPR","42,134.12","49,718.28 Cr","","","","3,792.08 Dr","3,792.08 Dr","","","","","","","","","","","","","","","","","","","",""
"07 Jun 2023","0000011884-NJ INDUSTRIAL PRODUCTS","0000011884-NJ INDUSTRIAL PRODUCTS","4500003472","Purcahse Order ZSPR","12,000.00","14,160.00 Cr","","","","1,080.00 Dr","1,080.00 Dr","","","","","","","","","","","","","","","","","","","",""
"07 Jun 2023","0000011137-Shabbir Tools Mart","0000011137-Shabbir Tools Mart","4500003473","Purcahse Order ZSPR","17,025.00","19,336.20 Cr","","","","1,155.60 Dr","1,155.60 Dr","","","","","","","","","","","","","","","","","","","",""
"07 Jun 2023","0000011359-KAYALVIZHII ENTERPRISES","0000011359-KAYALVIZHII ENTERPRISES","4510001695","Purcahse Order ZCON","51,688.00","60,991.84 Cr","","","","4,651.92 Dr","4,651.92 Dr","","","","","","","","","","","","","","","","","","","",""
"07 Jun 2023","0000011892-INTAS AUTOMATIONS","0000011892-INTAS AUTOMATIONS","4530001035","Purcahse Order ZASS","68,700.00","81,066.00 Cr","","","","6,183.00 Dr","6,183.00 Dr","","","","","","","","","","","","","","","","","","","",""
"08 Jun 2023","0000800005-V. K. Pump Industries Pvt Ltd","0000800005-V. K. Pump Industries Pvt Ltd","4500003474","Purcahse Order ZSPR","58,600.00","69,148.00 Cr","","10,548.00 Dr","","","","","","","","","","","","","","","","","","","","","","",""
"08 Jun 2023","0000011027-Sparsh Pipes&Steels company","0000011027-Sparsh Pipes&Steels company","4530001033","Purcahse Order ZASS","6,86,500.00","8,17,570.00 Cr","","","","61,785.00 Dr","61,785.00 Dr","","","","","","","","","","","","","","","","","","","",""
"08 Jun 2023","","","4610001909","Purcahse Order ZSTO","0.00","0.00 Cr","","","","","","","","","","","","","","","","","","","","","","","","",""
"09 Jun 2023","0000010582-Insulations India Engg (P) Ltd","0000010582-Insulations India Engg (P) Ltd","4500003475","Purcahse Order ZSPR","4,70,500.00","5,55,190.00 Cr","","","","42,345.00 Dr","42,345.00 Dr","","","","","","","","","","","","","","","","","","","",""
"09 Jun 2023","0000011317-India Aluminium Trading Company","0000011317-India Aluminium Trading Company","4500003476","Purcahse Order ZSPR","3,87,000.00","4,56,660.00 Cr","","","","34,830.00 Dr","34,830.00 Dr","","","","","","","","","","","","","","","","","","","",""
"09 Jun 2023","0000011327-Trust Well Engineers India Pvt Ltd","0000011327-Trust Well Engineers India Pvt Ltd","4500003477","Purcahse Order ZSPR","1,06,000.00","1,44,160.00 Cr","","38,160.00 Dr","","","","","","","","","","","","","","","","","","","","","","",""
"09 Jun 2023","0000011607-SNK Rolling Bearing","0000011607-SNK Rolling Bearing","4500003478","Purcahse Order ZSPR","1,13,894.88","2,48,290.83 Cr","","20,501.07 Dr","","","","","","","","","","","","","","","","","","","","","","",""
"09 Jun 2023","0000010353-M.L. Engineering","0000010353-M.L. Engineering","4500003480","Purcahse Order ZSPR","8,82,000.00","10,40,760.00 Cr","","","","79,380.00 Dr","79,380.00 Dr","","","","","","","","","","","","","","","","","","","",""
"09 Jun 2023","0000010425-ABB India Limited","0000010425-ABB India Limited","4500003481","Purcahse Order ZSPR","4,56,248.88","5,38,373.69 Cr","","82,124.81 Dr","","","","","","","","","","","","","","","","","","","","","","",""
"09 Jun 2023","0000010058-Enviiro Bulkk Handling Systems Pvt","0000010058-Enviiro Bulkk Handling Systems Pvt","4500003482","Purcahse Order ZSPR","1,24,800.00","1,56,199.39 Cr","","22,464.00 Dr","","","","","","","","","","","","","","","","","","","","","","",""
"09 Jun 2023","0000011427-Sri Sai Enterprises","0000011427-Sri Sai Enterprises","4500003483","Purcahse Order ZSPR","2,98,345.60","3,36,345.42 Cr","","","","26,851.11 Dr","26,851.11 Dr","","","","","","","","","","","","","","","","","","","",""
"09 Jun 2023","0000010430-Carborundum Universal Limited","0000010430-Carborundum Universal Limited","4500003484","Purcahse Order ZSPR","2,05,794.00","2,56,500.92 Cr","","","","18,521.46 Dr","18,521.46 Dr","","","","","","","","","","","","","","","","","","","",""
"09 Jun 2023","0000011333-Globe Engineering Associates","0000011333-Globe Engineering Associates","4500003485","Purcahse Order ZSPR","1,86,200.00","2,19,716.00 Cr","","","","16,758.00 Dr","16,758.00 Dr","","","","","","","","","","","","","","","","","","","",""
"09 Jun 2023","0000011445-PMS Engineers","0000011445-PMS Engineers","4500003486","Purcahse Order ZSPR","11,40,080.00","13,45,294.40 Cr","","","","1,02,607.20 Dr","1,02,607.20 Dr","","","","","","","","","","","","","","","","","","","",""
"09 Jun 2023","0000010605-Kannith Suppliers","0000010605-Kannith Suppliers","4500003488","Purcahse Order ZSPR","1,94,000.00","2,34,230.00 Cr","","","","17,460.00 Dr","17,460.00 Dr","","","","","","","","","","","","","","","","","","","",""
"09 Jun 2023","0000011614-Nuvision Instrumentation Solutions","0000011614-Nuvision Instrumentation Solutions","4500003489","Purcahse Order ZSPR","1,18,750.00","2,59,875.00 Cr","","21,375.00 Dr","","","","","","","","","","","","","","","","","","","","","","",""
"09 Jun 2023","0000030901-GE TEK Electronics Private Limited","0000030901-GE TEK Electronics Private Limited","4500003490","Purcahse Order ZSPR","1,91,100.00","2,25,498.00 Cr","","","","17,199.00 Dr","17,199.00 Dr","","","","","","","","","","","","","","","","","","","",""
"09 Jun 2023","0000010159-P & G Enterprises","0000010159-P & G Enterprises","4510001696","Purcahse Order ZCON","6,42,600.00","7,58,268.00 Cr","","","","57,834.00 Dr","57,834.00 Dr","","","","","","","","","","","","","","","","","","","",""
"09 Jun 2023","0000010531-Microtek Technologies","0000010531-Microtek Technologies","4510001697","Purcahse Order ZCON","1,21,765.05","1,14,888.90 Cr","","","","7,305.90 Dr","7,305.90 Dr","","","","","","","","","","","","","","","","","","","",""
"09 Jun 2023","0000011075-Industrial Aids & Packings","0000011075-Industrial Aids & Packings","4510001698","Purcahse Order ZCON","7,000.00","10,030.00 Cr","","","","630.00 Dr","630.00 Dr","","","","","","","","","","","","","","","","","","","",""
"09 Jun 2023","0000011997-PRECISE RELIABILITY SOLUTIONS P LTD","0000011997-PRECISE RELIABILITY SOLUTIONS P LTD","4530001036","Purcahse Order ZASS","6,75,000.00","14,71,500.00 Cr","","","","60,750.00 Dr","60,750.00 Dr","","","","","","","","","","","","","","","","","","","",""
"09 Jun 2023","0000031124-Pak coolsystem","0000031124-Pak coolsystem","4530001037","Purcahse Order ZASS","3,23,000.00","4,13,440.00 Cr","","","","45,220.00 Dr","45,220.00 Dr","","","","","","","","","","","","","","","","","","","",""
"09 Jun 2023","0000030156-Y. Kanchana","0000030156-Y. Kanchana","4540005712","Purcahse Order ZSER","1,60,056.34","1,88,866.48 Cr","","","","14,405.07 Dr","14,405.07 Dr","","","","","","","","","","","","","","","","","","","",""
"09 Jun 2023","0000030876-Power Tech Electrical Engineering","0000030876-Power Tech Electrical Engineering","4540005713","Purcahse Order ZSER","2,65,600.00","3,13,408.00 Cr","","","","23,904.00 Dr","23,904.00 Dr","","","","","","","","","","","","","","","","","","","",""
"09 Jun 2023","0000030513-Sunil","0000030513-Sunil","4540005714","Purcahse Order ZSER","4,03,215.00","4,67,802.60 Cr","","","","32,293.80 Dr","32,293.80 Dr","","","","","","","","","","","","","","","","","","","",""
"09 Jun 2023","0000031389-Factor Healthcare Services Pvt.Ltd.","0000031389-Factor Healthcare Services Pvt.Ltd.","4540005715","Purcahse Order ZSER","1,50,000.00","1,50,000.00 Cr","","","","","","","","","","","","","","","","","","","","","","","","",""
"09 Jun 2023","0000030475-Jordan Rubber & Engineering","0000030475-Jordan Rubber & Engineering","4540005716","Purcahse Order ZSER","96,566.00","1,13,947.88 Cr","","","","8,690.94 Dr","8,690.94 Dr","","","","","","","","","","","","","","","","","","","",""
"12 Jun 2023","0000011523-Nazrex Hard Tools Complex","0000011523-Nazrex Hard Tools Complex","4500003491","Purcahse Order ZSPR","19,890.00","23,470.20 Cr","","","","1,790.10 Dr","1,790.10 Dr","","","","","","","","","","","","","","","","","","","",""
"12 Jun 2023","0000011381-Maamidi Enterprises","0000011381-Maamidi Enterprises","4500003492","Purcahse Order ZSPR","10,861.00","12,815.98 Cr","","","","977.49 Dr","977.49 Dr","","","","","","","","","","","","","","","","","","","",""
"12 Jun 2023","0000011120-ILP Safety & Security Services Pvt","0000011120-ILP Safety & Security Services Pvt","4510001699","Purcahse Order ZCON","37,352.00","44,075.36 Cr","","","","3,361.68 Dr","3,361.68 Dr","","","","","","","","","","","","","","","","","","","",""
"12 Jun 2023","0000010716-ENERG TEKH","0000010716-ENERG TEKH","4540005717","Purcahse Order ZSER","1,00,000.00","1,18,000.00 Cr","","","","9,000.00 Dr","9,000.00 Dr","","","","","","","","","","","","","","","","","","","",""
"12 Jun 2023","0000010716-ENERG TEKH","0000010716-ENERG TEKH","4540005718","Purcahse Order ZSER","1,00,000.00","1,18,000.00 Cr","","","","9,000.00 Dr","9,000.00 Dr","","","","","","","","","","","","","","","","","","","",""
"12 Jun 2023","0000030131-SRI PALANI MURUGAN ENGINEERING WORK","0000030131-SRI PALANI MURUGAN ENGINEERING WORK","4540005719","Purcahse Order ZSER","10,500.00","12,390.00 Cr","","","","945.00 Dr","945.00 Dr","","","","","","","","","","","","","","","","","","","",""
"12 Jun 2023","0000010110-Johnson Lifts (P) Ltd.,","0000010110-Johnson Lifts (P) Ltd.,","4540005720","Purcahse Order ZSER","38,000.00","44,840.00 Cr","","","","3,420.00 Dr","3,420.00 Dr","","","","","","","","","","","","","","","","","","","",""
"12 Jun 2023","0000010110-Johnson Lifts (P) Ltd.,","0000010110-Johnson Lifts (P) Ltd.,","4540005721","Purcahse Order ZSER","1,21,500.00","1,43,370.00 Cr","","","","10,935.00 Dr","10,935.00 Dr","","","","","","","","","","","","","","","","","","","",""
"13 Jun 2023","0000030475-Jordan Rubber & Engineering","0000030475-Jordan Rubber & Engineering","4500003493","Purcahse Order ZSPR","2,13,037.50","2,40,171.76 Cr","","","","19,173.38 Dr","19,173.38 Dr","","","","","","","","","","","","","","","","","","","",""
"13 Jun 2023","0000010984-VK Engineering & Services","0000010984-VK Engineering & Services","4500003494","Purcahse Order ZSPR","1,83,088.60","2,16,044.54 Cr","","","","16,477.97 Dr","16,477.97 Dr","","","","","","","","","","","","","","","","","","","",""
"13 Jun 2023","0000011994-AVS POWER TECHNOLOGIES PVT LTD","0000011994-AVS POWER TECHNOLOGIES PVT LTD","4500003495","Purcahse Order ZSPR","1,00,728.30","2,17,005.99 Cr","","18,131.09 Dr","","","","","","","","","","","","","","","","","","","","","","",""
"13 Jun 2023","0000011999-MIA ENTERPRISES","0000011999-MIA ENTERPRISES","4500003496","Purcahse Order ZSPR","3,780.00","8,240.40 Cr","","","","340.20 Dr","340.20 Dr","","","","","","","","","","","","","","","","","","","",""
"13 Jun 2023","0000010070-Gee Gee Kay Pvt Ltd","0000010070-Gee Gee Kay Pvt Ltd","4510001700","Purcahse Order ZCON","1,07,000.00","1,26,260.00 Cr","","","","9,630.00 Dr","9,630.00 Dr","","","","","","","","","","","","","","","","","","","",""
"13 Jun 2023","0000011035-A.M.R.Vegetables Shop","0000011035-A.M.R.Vegetables Shop","4520000924","Purcahse Order ZDOM","19,880.00","19,880.00 Cr","","","","","","","","","","","","","","","","","","","","","","","","",""
"13 Jun 2023","0000011538-Krishna Enterprises","0000011538-Krishna Enterprises","4540005722","Purcahse Order ZSER","65,000.00","76,700.00 Cr","","","","5,850.00 Dr","5,850.00 Dr","","","","","","","","","","","","","","","","","","","",""
"13 Jun 2023","0000090145-Adani Enterprises Limited","0000090145-Adani Enterprises Limited","4600001063","Purcahse Order ZCOL","3,68,80,000.00","4,07,24,000.00 Cr","3,68,80,000.00 Dr","","20,00,000.00 Dr","9,22,000.00 Dr","9,22,000.00 Dr","","","","","","","","","","","","","","","","","","","",""
"14 Jun 2023","0000012000-R K ENTERPRISES","0000012000-R K ENTERPRISES","44","Purcahse Order ZNPA","37,109.38","86,609.38 Cr","","","","5,195.31 Dr","5,195.31 Dr","","","","","","","","","","","","","","","","","","","",""
"15 Jun 2023","0000030405-I R Technology Services Pvt Ltd","0000030405-I R Technology Services Pvt Ltd","4500003487","Purcahse Order ZSPR","3,52,650.00","4,17,205.00 Cr","","64,555.00 Dr","","","","","","","","","","","","","","","","","","","","","","",""
"15 Jun 2023","0000011843-SRIGARUDA ENTERPRISES","0000011843-SRIGARUDA ENTERPRISES","4510001701","Purcahse Order ZCON","4,000.00","4,200.00 Cr","","","","100.00 Dr","100.00 Dr","","","","","","","","","","","","","","","","","","","",""
"15 Jun 2023","0000010570-Goodwill Engineering Company","0000010570-Goodwill Engineering Company","4510001702","Purcahse Order ZCON","25,037.50","29,544.26 Cr","","","","2,253.38 Dr","2,253.38 Dr","","","","","","","","","","","","","","","","","","","",""
"15 Jun 2023","0000031207-Mecklai Financial Services Pvt Ltd","0000031207-Mecklai Financial Services Pvt Ltd","4540005723","Purcahse Order ZSER","30,000.00","35,400.00 Cr","","","","2,700.00 Dr","2,700.00 Dr","","","","","","","","","","","","","","","","","","","",""
"15 Jun 2023","","","4610001910","Purcahse Order ZSTO","0.00","0.00 Cr","","","","","","","","","","","","","","","","","","","","","","","","",""
"16 Jun 2023","0000010340-BEST PULLEYS & COUPLINGS ( P ) LTD","0000010340-BEST PULLEYS & COUPLINGS ( P ) LTD","4500003497","Purcahse Order ZSPR","63,360.00","74,764.80 Cr","","","","5,702.40 Dr","5,702.40 Dr","","","","","","","","","","","","","","","","","","","",""
"16 Jun 2023","0000011892-INTAS AUTOMATIONS","0000011892-INTAS AUTOMATIONS","4500003498","Purcahse Order ZSPR","32,154.53","37,942.33 Cr","","","","2,893.90 Dr","2,893.90 Dr","","","","","","","","","","","","","","","","","","","",""
"16 Jun 2023","0000011019-IGP Engineers Pvt. Ltd.","0000011019-IGP Engineers Pvt. Ltd.","4500003499","Purcahse Order ZSPR","4,012.00","4,734.16 Cr","","","","361.08 Dr","361.08 Dr","","","","","","","","","","","","","","","","","","","",""
"16 Jun 2023","0000031173-Powertrans Engineering","0000031173-Powertrans Engineering","4540005724","Purcahse Order ZSER","37,500.00","44,250.00 Cr","","","","3,375.00 Dr","3,375.00 Dr","","","","","","","","","","","","","","","","","","","",""
"16 Jun 2023","0000010716-ENERG TEKH","0000010716-ENERG TEKH","4540005725","Purcahse Order ZSER","9,722.00","11,471.96 Cr","","","","874.98 Dr","874.98 Dr","","","","","","","","","","","","","","","","","","","",""
"17 Jun 2023","0000011905-Sanjay Deep & Associates","0000011905-Sanjay Deep & Associates","4540005726","Purcahse Order ZSER","44,000.00","51,920.00 Cr","","7,920.00 Dr","","","","","","","","","","","","","","","","","","","","","","",""
"17 Jun 2023","0000011998-SRI ALMELU ENTERPRISES","0000011998-SRI ALMELU ENTERPRISES","4540005727","Purcahse Order ZSER","1,75,000.00","3,50,000.00 Cr","","","","","","","","","","","","","","","","","","","","","","","","",""
"19 Jun 2023","","","4610001911","Purcahse Order ZSTO","0.00","0.00 Cr","","","","","","","","","","","","","","","","","","","","","","","","",""
"19 Jun 2023","0000011583-NPC Systems","0000011583-NPC Systems","45","Purcahse Order ZNPA","33,050.85","39,000.01 Cr","","","","2,974.58 Dr","2,974.58 Dr","","","","","","","","","","","","","","","","","","","",""
"20 Jun 2023","0000011496-TN Oxygen Private Limited","0000011496-TN Oxygen Private Limited","4510001703","Purcahse Order ZCON","62,000.00","73,160.00 Cr","","","","5,580.00 Dr","5,580.00 Dr","","","","","","","","","","","","","","","","","","","",""
"20 Jun 2023","0000012003-VEL  PHARMACY","0000012003-VEL  PHARMACY","4510001704","Purcahse Order ZCON","9,825.86","20,830.84 Cr","","","","589.56 Dr","589.56 Dr","","","","","","","","","","","","","","","","","","","",""
"20 Jun 2023","0000090024-A & A International Trading Pvt. Lt","0000090024-A & A International Trading Pvt. Lt","4600001064","Purcahse Order ZCOL","6,50,00,000.00","6,82,50,000.00 Cr","6,50,00,000.00 Dr","","","16,25,000.00 Dr","16,25,000.00 Dr","","","","","","","","","","","","","","","","","","","",""
"20 Jun 2023","","","4610001912","Purcahse Order ZSTO","0.00","0.00 Cr","","","","","","","","","","","","","","","","","","","","","","","","",""
"20 Jun 2023","0000012000-R K ENTERPRISES","0000012000-R K ENTERPRISES","46","Purcahse Order ZNPA","31,779.66","69,279.66 Cr","","","","2,860.17 Dr","2,860.17 Dr","","","","","","","","","","","","","","","","","","","",""
"21 Jun 2023","0000010340-BEST PULLEYS & COUPLINGS ( P ) LTD","0000010340-BEST PULLEYS & COUPLINGS ( P ) LTD","4500003500","Purcahse Order ZSPR","11,600.00","13,688.00 Cr","","","","1,044.00 Dr","1,044.00 Dr","","","","","","","","","","","","","","","","","","","",""
"21 Jun 2023","0000010184-Rose Bearings (India)","0000010184-Rose Bearings (India)","4500003501","Purcahse Order ZSPR","47,984.00","56,621.12 Cr","","","","4,318.56 Dr","4,318.56 Dr","","","","","","","","","","","","","","","","","","","",""
"21 Jun 2023","0000010481-Sarvam Safety Equipments (P) Ltd.,","0000010481-Sarvam Safety Equipments (P) Ltd.,","4500003502","Purcahse Order ZSPR","38,412.00","40,332.60 Cr","","","","960.30 Dr","960.30 Dr","","","","","","","","","","","","","","","","","","","",""
"21 Jun 2023","0000010103-J.K.T Electricals","0000010103-J.K.T Electricals","4500003503","Purcahse Order ZSPR","41,400.00","48,852.00 Cr","","","","3,726.00 Dr","3,726.00 Dr","","","","","","","","","","","","","","","","","","","",""
"21 Jun 2023","0000011027-Sparsh Pipes&Steels company","0000011027-Sparsh Pipes&Steels company","4500003504","Purcahse Order ZSPR","5,43,750.00","6,50,875.00 Cr","","","","48,937.50 Dr","48,937.50 Dr","","","","","","","","","","","","","","","","","","","",""
"21 Jun 2023","0000010108-Jeevabhoy & Sons","0000010108-Jeevabhoy & Sons","4500003505","Purcahse Order ZSPR","88,116.00","1,03,976.88 Cr","","","","7,930.44 Dr","7,930.44 Dr","","","","","","","","","","","","","","","","","","","",""
"21 Jun 2023","0000010570-Goodwill Engineering Company","0000010570-Goodwill Engineering Company","4510001705","Purcahse Order ZCON","10,660.00","11,571.30 Cr","","","","455.65 Dr","455.65 Dr","","","","","","","","","","","","","","","","","","","",""
"21 Jun 2023","0000030590-Cold Point Pvt.Ltd","0000030590-Cold Point Pvt.Ltd","4530001038","Purcahse Order ZASS","1,30,731.00","1,64,340.68 Cr","","","","16,804.84 Dr","16,804.84 Dr","","","","","","","","","","","","","","","","","","","",""
"21 Jun 2023","0000030876-Power Tech Electrical Engineering","0000030876-Power Tech Electrical Engineering","4540005729","Purcahse Order ZSER","3,999.00","4,718.82 Cr","","","","359.91 Dr","359.91 Dr","","","","","","","","","","","","","","","","","","","",""
"21 Jun 2023","0000031124-Pak coolsystem","0000031124-Pak coolsystem","4540005730","Purcahse Order ZSER","12,500.00","14,750.00 Cr","","","","1,125.00 Dr","1,125.00 Dr","","","","","","","","","","","","","","","","","","","",""
"22 Jun 2023","0000012002-Innoforge Pvt Ltd","0000012002-Innoforge Pvt Ltd","4540005731","Purcahse Order ZSER","9,32,203.39","18,64,406.78 Cr","","","","","","","","","","","","","","","","","","","","","","","","",""
"22 Jun 2023","0000010992-Futurecalls Technology Pvt. Ltd.","0000010992-Futurecalls Technology Pvt. Ltd.","4540005732","Purcahse Order ZSER","45,000.00","53,100.00 Cr","","","","4,050.00 Dr","4,050.00 Dr","","","","","","","","","","","","","","","","","","","",""
"22 Jun 2023","0000090145-Adani Enterprises Limited","0000090145-Adani Enterprises Limited","4600001065","Purcahse Order ZCOL","3,37,55,000.00","3,74,42,750.00 Cr","3,37,55,000.00 Dr","","20,00,000.00 Dr","8,43,875.00 Dr","8,43,875.00 Dr","","","","","","","","","","","","","","","","","","","",""
"23 Jun 2023","0000011892-INTAS AUTOMATIONS","0000011892-INTAS AUTOMATIONS","4500003506","Purcahse Order ZSPR","21,580.00","25,464.40 Cr","","","","1,942.20 Dr","1,942.20 Dr","","","","","","","","","","","","","","","","","","","",""
"23 Jun 2023","0000030405-I R Technology Services Pvt Ltd","0000030405-I R Technology Services Pvt Ltd","4500003507","Purcahse Order ZSPR","39,800.00","46,964.00 Cr","","7,164.00 Dr","","","","","","","","","","","","","","","","","","","","","","",""
"23 Jun 2023","0000010893-Kiron (India) Traders","0000010893-Kiron (India) Traders","4500003508","Purcahse Order ZSPR","13,062.00","15,413.16 Cr","","","","1,175.58 Dr","1,175.58 Dr","","","","","","","","","","","","","","","","","","","",""
"23 Jun 2023","0000010056-Emerson Process Management Chennai","0000010056-Emerson Process Management Chennai","4500003509","Purcahse Order ZSPR","25,612.00","30,222.16 Cr","","","","2,305.08 Dr","2,305.08 Dr","","","","","","","","","","","","","","","","","","","",""
"23 Jun 2023","0000010086-Hindustan Hydraulics & Pneumatics","0000010086-Hindustan Hydraulics & Pneumatics","4500003510","Purcahse Order ZSPR","4,061.25","4,792.27 Cr","","","","365.51 Dr","365.51 Dr","","","","","","","","","","","","","","","","","","","",""
"23 Jun 2023","0000800005-V. K. Pump Industries Pvt Ltd","0000800005-V. K. Pump Industries Pvt Ltd","4500003511","Purcahse Order ZSPR","20,190.00","23,824.20 Cr","","3,634.20 Dr","","","","","","","","","","","","","","","","","","","","","","",""
"23 Jun 2023","0000030447-Manish Scientific Instruments Co.","0000030447-Manish Scientific Instruments Co.","4510001706","Purcahse Order ZCON","13,300.00","15,694.00 Cr","","","","1,197.00 Dr","1,197.00 Dr","","","","","","","","","","","","","","","","","","","",""
"23 Jun 2023","0000011329-Jai Enterprises","0000011329-Jai Enterprises","4520000925","Purcahse Order ZDOM","3,36,375.00","3,53,193.76 Cr","","","","8,409.38 Dr","8,409.38 Dr","","","","","","","","","","","","","","","","","","","",""
"23 Jun 2023","0000010242-Thejo Engineering Limited","0000010242-Thejo Engineering Limited","4540005733","Purcahse Order ZSER","83,000.00","97,940.00 Cr","","","","7,470.00 Dr","7,470.00 Dr","","","","","","","","","","","","","","","","","","","",""
"23 Jun 2023","0000010425-ABB India Limited","0000010425-ABB India Limited","4540005734","Purcahse Order ZSER","90,000.00","1,06,200.00 Cr","","16,200.00 Dr","","","","","","","","","","","","","","","","","","","","","","",""
"23 Jun 2023","0000030577-Elangovan Electrical Services","0000030577-Elangovan Electrical Services","4540005735","Purcahse Order ZSER","39,188.34","46,242.24 Cr","","","","3,526.95 Dr","3,526.95 Dr","","","","","","","","","","","","","","","","","","","",""
"26 Jun 2023","0000090145-Adani Enterprises Limited","0000090145-Adani Enterprises Limited","4600001066","Purcahse Order ZCOL","16,39,00,000.00","18,20,95,000.00 Cr","16,39,00,000.00 Dr","","1,00,00,000.00 Dr","40,97,500.00 Dr","40,97,500.00 Dr","","","","","","","","","","","","","","","","","","","",""
"27 Jun 2023","0000011204-Cenlub Systems","0000011204-Cenlub Systems","4500003512","Purcahse Order ZSPR","8,075.00","9,528.50 Cr","","1,453.50 Dr","","","","","","","","","","","","","","","","","","","","","","",""
"28 Jun 2023","0000011027-Sparsh Pipes&Steels company","0000011027-Sparsh Pipes&Steels company","4500003513","Purcahse Order ZSPR","62,500.00","73,750.00 Cr","","","","5,625.00 Dr","5,625.00 Dr","","","","","","","","","","","","","","","","","","","",""
"28 Jun 2023","0000010790-Emerson Process Management(India)Pv","0000010790-Emerson Process Management(India)Pv","4500003514","Purcahse Order ZSPR","3,82,500.00","4,51,350.00 Cr","","68,850.00 Dr","","","","","","","","","","","","","","","","","","","","","","",""
"28 Jun 2023","0000011066-Francis Milk Agencies","0000011066-Francis Milk Agencies","4520000926","Purcahse Order ZDOM","1,71,600.00","1,71,600.00 Cr","","","","","","","","","","","","","","","","","","","","","","","","",""
"28 Jun 2023","0000011797-STAR OFFICE BAZAAR PVT LTD","0000011797-STAR OFFICE BAZAAR PVT LTD","4520000927","Purcahse Order ZDOM","23,575.00","27,030.36 Cr","","","","1,727.68 Dr","1,727.68 Dr","","","","","","","","","","","","","","","","","","","",""
"28 Jun 2023","0000031145-Squad India Services","0000031145-Squad India Services","4540005736","Purcahse Order ZSER","15,40,000.00","15,40,000.00 Cr","","","","","","","","","","","","","","","","","","","","","","","","",""
"28 Jun 2023","0000011468-S & V Engineering Services","0000011468-S & V Engineering Services","4540005737","Purcahse Order ZSER","10,01,100.00","11,81,298.00 Cr","","","","90,099.00 Dr","90,099.00 Dr","","","","","","","","","","","","","","","","","","","",""
"28 Jun 2023","0000011833-RE Sustainability IWM Solutions Lim","0000011833-RE Sustainability IWM Solutions Lim","4540005740","Purcahse Order ZSER","20,000.00","22,400.00 Cr","","","","1,200.00 Dr","1,200.00 Dr","","","","","","","","","","","","","","","","","","","",""
"28 Jun 2023","0000030333-Blaze Copier Company","0000030333-Blaze Copier Company","4540005741","Purcahse Order ZSER","15,000.00","17,700.00 Cr","","","","1,350.00 Dr","1,350.00 Dr","","","","","","","","","","","","","","","","","","","",""
"28 Jun 2023","0000030816-Safe Rider Logistics India Pvt.Ltd","0000030816-Safe Rider Logistics India Pvt.Ltd","4540005742","Purcahse Order ZSER","1,65,000.00","1,73,250.00 Cr","","","","4,125.00 Dr","4,125.00 Dr","","","","","","","","","","","","","","","","","","","",""
"28 Jun 2023","0000030568-Genius Consultants Limited","0000030568-Genius Consultants Limited","4540005743","Purcahse Order ZSER","8,91,249.00","10,51,673.82 Cr","","","","80,212.41 Dr","80,212.41 Dr","","","","","","","","","","","","","","","","","","","",""
"28 Jun 2023","0000011663-KMech Engineers","0000011663-KMech Engineers","4600001067","Purcahse Order ZSCF","26,50,000.00","31,27,000.00 Cr","","4,77,000.00 Dr","","","","","","","","","","","","","","","","","","","","","","",""
"29 Jun 2023","0000012010-MASCOT DYNAMICS PRIVATE LIMITED","0000012010-MASCOT DYNAMICS PRIVATE LIMITED","4500003515","Purcahse Order ZSPR","1,42,907.52","3,11,538.39 Cr","","25,723.35 Dr","","","","","","","","","","","","","","","","","","","","","","",""
"29 Jun 2023","0000010869-Emerging Technology","0000010869-Emerging Technology","4500003516","Purcahse Order ZSPR","40,200.00","47,436.00 Cr","","","","3,618.00 Dr","3,618.00 Dr","","","","","","","","","","","","","","","","","","","",""
"29 Jun 2023","0000031263-Niveen","0000031263-Niveen","4540005744","Purcahse Order ZSER","1,28,100.00","1,28,100.00 Cr","","","","","","","","","","","","","","","","","","","","","","","","",""
"29 Jun 2023","0000031106-Smart Connection","0000031106-Smart Connection","4540005745","Purcahse Order ZSER","1,32,000.00","1,55,760.00 Cr","","","","11,880.00 Dr","11,880.00 Dr","","","","","","","","","","","","","","","","","","","",""
"29 Jun 2023","0000030577-Elangovan Electrical Services","0000030577-Elangovan Electrical Services","4540005746","Purcahse Order ZSER","1,69,254.42","1,99,720.22 Cr","","","","15,232.90 Dr","15,232.90 Dr","","","","","","","","","","","","","","","","","","","",""
"29 Jun 2023","0000030156-Y. Kanchana","0000030156-Y. Kanchana","4540005747","Purcahse Order ZSER","1,63,960.34","1,93,473.20 Cr","","","","14,756.43 Dr","14,756.43 Dr","","","","","","","","","","","","","","","","","","","",""
"29 Jun 2023","0000090024-A & A International Trading Pvt. Lt","0000090024-A & A International Trading Pvt. Lt","4600001068","Purcahse Order ZCOL","4,34,51,500.00","4,96,66,075.00 Cr","4,34,51,500.00 Dr","","40,42,000.00 Dr","10,86,287.50 Dr","10,86,287.50 Dr","","","","","","","","","","","","","","","","","","","",""
"30 Jun 2023","0000011055-Metal Forms Pvt Ltd","0000011055-Metal Forms Pvt Ltd","4500003517","Purcahse Order ZSPR","25,458.10","33,700.66 Cr","","","","2,291.23 Dr","2,291.23 Dr","","","","","","","","","","","","","","","","","","","",""
"30 Jun 2023","0000010076-Global Aqua Engineers","0000010076-Global Aqua Engineers","4510001707","Purcahse Order ZCON","43,360.00","51,164.80 Cr","","","","3,902.40 Dr","3,902.40 Dr","","","","","","","","","","","","","","","","","","","",""
"30 Jun 2023","0000030843-Fast Track Pvt. Ltd.","0000030843-Fast Track Pvt. Ltd.","4540005748","Purcahse Order ZSER","23,344.00","24,511.20 Cr","","","","583.60 Dr","583.60 Dr","","","","","","","","","","","","","","","","","","","",""
"30 Jun 2023","0000030485-MARS Pest Management Systems (I) Pv","0000030485-MARS Pest Management Systems (I) Pv","4540005749","Purcahse Order ZSER","6,500.00","7,670.00 Cr","","","","585.00 Dr","585.00 Dr","","","","","","","","","","","","","","","","","","","",""
"30 Jun 2023","0000030333-Blaze Copier Company","0000030333-Blaze Copier Company","4540005750","Purcahse Order ZSER","4,80,000.00","5,66,400.00 Cr","","","","43,200.00 Dr","43,200.00 Dr","","","","","","","","","","","","","","","","","","","",""
"30 Jun 2023","0000030513-Sunil","0000030513-Sunil","4540005751","Purcahse Order ZSER","5,05,186.56","5,85,678.40 Cr","","","","40,245.92 Dr","40,245.92 Dr","","","","","","","","","","","","","","","","","","","",""
"01 Jul 2023","0000010070-Gee Gee Kay Pvt Ltd","0000010070-Gee Gee Kay Pvt Ltd","4510001708","Purcahse Order ZCON","56,000.00","66,080.00 Cr","","","","5,040.00 Dr","5,040.00 Dr","","","","","","","","","","","","","","","","","","","",""
"03 Jul 2023","0000010090-India Chain & Slings","0000010090-India Chain & Slings","4500003518","Purcahse Order ZSPR","54,110.05","11,309.90 Cr","","","","4,869.90 Dr","4,869.90 Dr","","","","","","","","","","","","","","","","","","","",""
"03 Jul 2023","0000011415-Dynamic Trading Company","0000011415-Dynamic Trading Company","4500003519","Purcahse Order ZSPR","2,020.20","1,674.04 Cr","","","","181.82 Dr","181.82 Dr","","","","","","","","","","","","","","","","","","","",""
"03 Jul 2023","0000010959-Pilz India Pvt. Ltd.","0000010959-Pilz India Pvt. Ltd.","4500003520","Purcahse Order ZSPR","37,841.05","44,652.44 Cr","","6,811.39 Dr","","","","","","","","","","","","","","","","","","","","","","",""
"03 Jul 2023","0000010103-J.K.T Electricals","0000010103-J.K.T Electricals","4500003521","Purcahse Order ZSPR","7,550.00","8,909.00 Cr","","","","679.50 Dr","679.50 Dr","","","","","","","","","","","","","","","","","","","",""
"03 Jul 2023","0000012013-ANUGRAHA ENGINEERING PRODUCTS","0000012013-ANUGRAHA ENGINEERING PRODUCTS","4500003522","Purcahse Order ZSPR","29,131.20","63,506.02 Cr","","","","2,621.81 Dr","2,621.81 Dr","","","","","","","","","","","","","","","","","","","",""
"03 Jul 2023","0000011641-AIXIN ENTERPRISES","0000011641-AIXIN ENTERPRISES","4510001709","Purcahse Order ZCON","25,300.00","29,854.00 Cr","","","","2,277.00 Dr","2,277.00 Dr","","","","","","","","","","","","","","","","","","","",""
"03 Jul 2023","0000011428-Shaktiman Equipments Pvt.Ltd.","0000011428-Shaktiman Equipments Pvt.Ltd.","4510001710","Purcahse Order ZCON","1,37,041.80","1,61,709.32 Cr","","","","12,333.76 Dr","12,333.76 Dr","","","","","","","","","","","","","","","","","","","",""
"03 Jul 2023","0000010159-P & G Enterprises","0000010159-P & G Enterprises","4510001711","Purcahse Order ZCON","59,360.00","70,044.80 Cr","","","","5,342.40 Dr","5,342.40 Dr","","","","","","","","","","","","","","","","","","","",""
"03 Jul 2023","0000011359-KAYALVIZHII ENTERPRISES","0000011359-KAYALVIZHII ENTERPRISES","4510001712","Purcahse Order ZCON","51,688.00","60,991.84 Cr","","","","4,651.92 Dr","4,651.92 Dr","","","","","","","","","","","","","","","","","","","",""
"03 Jul 2023","0000010570-Goodwill Engineering Company","0000010570-Goodwill Engineering Company","4520000928","Purcahse Order ZDOM","12,075.00","14,248.50 Cr","","","","1,086.75 Dr","1,086.75 Dr","","","","","","","","","","","","","","","","","","","",""
"03 Jul 2023","0000011641-AIXIN ENTERPRISES","0000011641-AIXIN ENTERPRISES","4540005753","Purcahse Order ZSER","35,250.00","41,595.00 Cr","","","","3,172.50 Dr","3,172.50 Dr","","","","","","","","","","","","","","","","","","","",""
"03 Jul 2023","0000030485-MARS Pest Management Systems (I) Pv","0000030485-MARS Pest Management Systems (I) Pv","4540005754","Purcahse Order ZSER","38,500.00","45,430.00 Cr","","","","3,465.00 Dr","3,465.00 Dr","","","","","","","","","","","","","","","","","","","",""
"03 Jul 2023","0000031124-Pak coolsystem","0000031124-Pak coolsystem","4540005755","Purcahse Order ZSER","4,150.00","4,897.00 Cr","","","","373.50 Dr","373.50 Dr","","","","","","","","","","","","","","","","","","","",""
"03 Jul 2023","0000012014-R K ENTERPRISES","0000012014-R K ENTERPRISES","4600001069","Purcahse Order ZCOL","5,24,50,000.00","5,24,50,000.00 Cr","5,24,50,000.00 Dr","","","","","","","","","","","","","","","","","","","","","","","",""
"04 Jul 2023","0000010069-GEA Westfalia Separator India Pvt L","0000010069-GEA Westfalia Separator India Pvt L","4500003523","Purcahse Order ZSPR","8,11,978.09","9,58,134.15 Cr","","1,46,156.06 Dr","","","","","","","","","","","","","","","","","","","","","","",""
"04 Jul 2023","0000010138-Magaldi Power India Private Limited","0000010138-Magaldi Power India Private Limited","4500003524","Purcahse Order ZSPR","12,61,379.60","14,32,039.54 Cr","","2,27,048.34 Dr","","","","","","","","","","","","","","","","","","","","","","",""
"04 Jul 2023","0000011164-Hydrotech Marketings","0000011164-Hydrotech Marketings","4500003525","Purcahse Order ZSPR","3,52,000.00","4,15,360.00 Cr","","","","31,680.00 Dr","31,680.00 Dr","","","","","","","","","","","","","","","","","","","",""
"04 Jul 2023","0000011427-Sri Sai Enterprises","0000011427-Sri Sai Enterprises","4500003526","Purcahse Order ZSPR","2,09,250.00","2,46,915.00 Cr","","","","18,832.50 Dr","18,832.50 Dr","","","","","","","","","","","","","","","","","","","",""
"04 Jul 2023","0000010665-BMW Steels Ltd","0000010665-BMW Steels Ltd","4500003527","Purcahse Order ZSPR","23,97,000.00","28,28,460.00 Cr","","4,31,460.00 Dr","","","","","","","","","","","","","","","","","","","","","","",""
"04 Jul 2023","0000011055-Metal Forms Pvt Ltd","0000011055-Metal Forms Pvt Ltd","4500003528","Purcahse Order ZSPR","1,42,500.00","1,68,150.00 Cr","","","","12,825.00 Dr","12,825.00 Dr","","","","","","","","","","","","","","","","","","","",""
"04 Jul 2023","0000012014-R K ENTERPRISES","0000012014-R K ENTERPRISES","4500003529","Purcahse Order ZSPR","86,767.50","1,95,156.15 Cr","","15,618.15 Dr","","","","","","","","","","","","","","","","","","","","","","",""
"04 Jul 2023","0000011801-SRJ ENGINEERS PVT LTD","0000011801-SRJ ENGINEERS PVT LTD","4500003530","Purcahse Order ZSPR","2,25,000.00","4,90,500.00 Cr","","40,500.00 Dr","","","","","","","","","","","","","","","","","","","","","","",""
"04 Jul 2023","0000010425-ABB India Limited","0000010425-ABB India Limited","4530001039","Purcahse Order ZASS","12,50,000.00","12,50,000.00 Cr","","","","","","","","","","","","","","","","","","","","","","","","",""
"04 Jul 2023","0000031513-LAXMAN CONSULTANCY AND SERVICES","0000031513-LAXMAN CONSULTANCY AND SERVICES","4540005756","Purcahse Order ZSER","1,40,000.00","3,05,200.00 Cr","","25,200.00 Dr","","","","","","","","","","","","","","","","","","","","","","",""
"04 Jul 2023","0000030047-G.RAVI","0000030047-G.RAVI","4540005757","Purcahse Order ZSER","1,55,475.00","1,55,475.00 Cr","","","","","","","","","","","","","","","","","","","","","","","","",""
"04 Jul 2023","0000010869-Emerging Technology","0000010869-Emerging Technology","4540005758","Purcahse Order ZSER","7,800.00","9,204.00 Cr","","","","702.00 Dr","702.00 Dr","","","","","","","","","","","","","","","","","","","",""
"04 Jul 2023","0000030359-RR Insulation","0000030359-RR Insulation","4540005759","Purcahse Order ZSER","6,44,857.20","7,60,931.50 Cr","","","","58,037.15 Dr","58,037.15 Dr","","","","","","","","","","","","","","","","","","","",""
"04 Jul 2023","0000030359-RR Insulation","0000030359-RR Insulation","4540005760","Purcahse Order ZSER","2,14,943.40","2,53,633.22 Cr","","","","19,344.91 Dr","19,344.91 Dr","","","","","","","","","","","","","","","","","","","",""
"04 Jul 2023","0000030359-RR Insulation","0000030359-RR Insulation","4540005761","Purcahse Order ZSER","2,96,016.00","3,49,298.88 Cr","","","","26,641.44 Dr","26,641.44 Dr","","","","","","","","","","","","","","","","","","","",""
"04 Jul 2023","0000020041-BENTLY NEVADA LLC","0000020041-BENTLY NEVADA LLC","4560000046","Purcahse Order ZIMP","4,586.00","4,586.00 Cr","","","","","","","","","","","","","","","","","","","","","","","","",""
"05 Jul 2023","0000011035-A.M.R.Vegetables Shop","0000011035-A.M.R.Vegetables Shop","4520000929","Purcahse Order ZDOM","19,920.00","19,920.00 Cr","","","","","","","","","","","","","","","","","","","","","","","","",""
"05 Jul 2023","0000031048-The Professional Couriers (Chennai)","0000031048-The Professional Couriers (Chennai)","4540005763","Purcahse Order ZSER","55,000.00","64,900.00 Cr","","","","4,950.00 Dr","4,950.00 Dr","","","","","","","","","","","","","","","","","","","",""
"05 Jul 2023","0000030843-Fast Track Pvt. Ltd.","0000030843-Fast Track Pvt. Ltd.","4540005764","Purcahse Order ZSER","3,85,000.00","4,04,250.00 Cr","","","","9,625.00 Dr","9,625.00 Dr","","","","","","","","","","","","","","","","","","","",""
"05 Jul 2023","0000011538-Krishna Enterprises","0000011538-Krishna Enterprises","4540005765","Purcahse Order ZSER","65,000.00","76,700.00 Cr","","","","5,850.00 Dr","5,850.00 Dr","","","","","","","","","","","","","","","","","","","",""
"05 Jul 2023","0000011538-Krishna Enterprises","0000011538-Krishna Enterprises","4540005766","Purcahse Order ZSER","32,500.00","38,350.00 Cr","","","","2,925.00 Dr","2,925.00 Dr","","","","","","","","","","","","","","","","","","","",""
"05 Jul 2023","0000031367-T7 Enterprises","0000031367-T7 Enterprises","4540005767","Purcahse Order ZSER","50,000.00","59,000.00 Cr","","","","4,500.00 Dr","4,500.00 Dr","","","","","","","","","","","","","","","","","","","",""
"05 Jul 2023","0000060228-TATA Teleservices Limited","0000060228-TATA Teleservices Limited","4540005768","Purcahse Order ZSER","33,742.65","67,485.30 Cr","","","","","","","","","","","","","","","","","","","","","","","","",""
"06 Jul 2023","0000011990-TAPAIR ENGINEERING PVT. LTD","0000011990-TAPAIR ENGINEERING PVT. LTD","4500003531","Purcahse Order ZSPR","76,451.25","1,66,663.72 Cr","","","","6,880.61 Dr","6,880.61 Dr","","","","","","","","","","","","","","","","","","","",""
"06 Jul 2023","0000011607-SNK Rolling Bearing","0000011607-SNK Rolling Bearing","4500003532","Purcahse Order ZSPR","3,93,812.18","8,58,510.56 Cr","","70,886.20 Dr","","","","","","","","","","","","","","","","","","","","","","",""
"06 Jul 2023","0000031508-GLOBAL ENVIROTRONICS","0000031508-GLOBAL ENVIROTRONICS","4500003533","Purcahse Order ZSPR","72,168.00","1,57,326.24 Cr","","","","6,495.12 Dr","6,495.12 Dr","","","","","","","","","","","","","","","","","","","",""
"06 Jul 2023","0000031134-Nikaki Gears & Spares","0000031134-Nikaki Gears & Spares","4500003534","Purcahse Order ZSPR","6,27,324.00","7,40,242.32 Cr","","","","56,459.16 Dr","56,459.16 Dr","","","","","","","","","","","","","","","","","","","",""
"06 Jul 2023","0000012006-FEC INDIA PRIVATE LIMITED","0000012006-FEC INDIA PRIVATE LIMITED","4500003535","Purcahse Order ZSPR","1,81,450.08","3,95,561.18 Cr","","","","16,330.51 Dr","16,330.51 Dr","","","","","","","","","","","","","","","","","","","",""
"06 Jul 2023","0000010136-Madras Hardtools Agencies P Ltd","0000010136-Madras Hardtools Agencies P Ltd","4500003536","Purcahse Order ZSPR","4,50,000.00","5,31,000.00 Cr","","","","40,500.00 Dr","40,500.00 Dr","","","","","","","","","","","","","","","","","","","",""
"06 Jul 2023","0000010071-Geeco Enercon Pvt Limited","0000010071-Geeco Enercon Pvt Limited","4500003537","Purcahse Order ZSPR","1,45,890.00","1,83,950.20 Cr","","","","13,130.10 Dr","13,130.10 Dr","","","","","","","","","","","","","","","","","","","",""
"06 Jul 2023","0000011641-AIXIN ENTERPRISES","0000011641-AIXIN ENTERPRISES","4510001713","Purcahse Order ZCON","13,600.00","16,048.00 Cr","","","","1,224.00 Dr","1,224.00 Dr","","","","","","","","","","","","","","","","","","","",""
"06 Jul 2023","0000031508-GLOBAL ENVIROTRONICS","0000031508-GLOBAL ENVIROTRONICS","4540005769","Purcahse Order ZSER","27,900.00","60,822.00 Cr","","","","2,511.00 Dr","2,511.00 Dr","","","","","","","","","","","","","","","","","","","",""
"06 Jul 2023","0000060228-TATA Teleservices Limited","0000060228-TATA Teleservices Limited","4540005770","Purcahse Order ZSER","74,991.00","1,49,982.00 Cr","","","","","","","","","","","","","","","","","","","","","","","","",""
"06 Jul 2023","","","4610001913","Purcahse Order ZSTO","0.00","0.00 Cr","","","","","","","","","","","","","","","","","","","","","","","","",""
"06 Jul 2023","","","4610001914","Purcahse Order ZSTO","0.00","0.00 Cr","","","","","","","","","","","","","","","","","","","","","","","","",""
"06 Jul 2023","","","4610001915","Purcahse Order ZSTO","0.00","0.00 Cr","","","","","","","","","","","","","","","","","","","","","","","","",""
"06 Jul 2023","","","4610001916","Purcahse Order ZSTO","0.00","0.00 Cr","","","","","","","","","","","","","","","","","","","","","","","","",""
"06 Jul 2023","","","4610001917","Purcahse Order ZSTO","0.00","0.00 Cr","","","","","","","","","","","","","","","","","","","","","","","","",""
"06 Jul 2023","","","4610001918","Purcahse Order ZSTO","0.00","0.00 Cr","","","","","","","","","","","","","","","","","","","","","","","","",""
"06 Jul 2023","","","4610001919","Purcahse Order ZSTO","0.00","0.00 Cr","","","","","","","","","","","","","","","","","","","","","","","","",""
"06 Jul 2023","","","4610001920","Purcahse Order ZSTO","0.00","0.00 Cr","","","","","","","","","","","","","","","","","","","","","","","","",""
"06 Jul 2023","","","4610001921","Purcahse Order ZSTO","0.00","0.00 Cr","","","","","","","","","","","","","","","","","","","","","","","","",""
"06 Jul 2023","","","4610001922","Purcahse Order ZSTO","0.00","0.00 Cr","","","","","","","","","","","","","","","","","","","","","","","","",""
"06 Jul 2023","","","4610001923","Purcahse Order ZSTO","0.00","0.00 Cr","","","","","","","","","","","","","","","","","","","","","","","","",""
"06 Jul 2023","0000012029-SUPER ENTERPRISES","0000012029-SUPER ENTERPRISES","47","Purcahse Order ZNPA","75,400.00","1,50,800.00 Cr","","","","","","","","","","","","","","","","","","","","","","","","",""
"07 Jul 2023","0000011333-Globe Engineering Associates","0000011333-Globe Engineering Associates","4500003538","Purcahse Order ZSPR","2,25,910.00","2,66,573.80 Cr","","","","20,331.90 Dr","20,331.90 Dr","","","","","","","","","","","","","","","","","","","",""
"07 Jul 2023","0000011421-Mercury Enterprises","0000011421-Mercury Enterprises","4500003539","Purcahse Order ZSPR","1,57,560.00","1,85,920.80 Cr","","","","14,180.40 Dr","14,180.40 Dr","","","","","","","","","","","","","","","","","","","",""
"07 Jul 2023","0000031134-Nikaki Gears & Spares","0000031134-Nikaki Gears & Spares","4500003540","Purcahse Order ZSPR","23,546.70","29,362.50 Cr","","","","2,907.90 Dr","2,907.90 Dr","","","","","","","","","","","","","","","","","","","",""
"07 Jul 2023","0000011421-Mercury Enterprises","0000011421-Mercury Enterprises","4500003541","Purcahse Order ZSPR","3,55,995.00","4,20,074.12 Cr","","","","32,039.56 Dr","32,039.56 Dr","","","","","","","","","","","","","","","","","","","",""
"07 Jul 2023","0000010184-Rose Bearings (India)","0000010184-Rose Bearings (India)","4500003542","Purcahse Order ZSPR","45,000.00","53,100.00 Cr","","","","4,050.00 Dr","4,050.00 Dr","","","","","","","","","","","","","","","","","","","",""
"07 Jul 2023","0000011182-Madras Hydraulic Hose (P) Ltd","0000011182-Madras Hydraulic Hose (P) Ltd","4500003543","Purcahse Order ZSPR","3,000.00","3,540.00 Cr","","","","270.00 Dr","270.00 Dr","","","","","","","","","","","","","","","","","","","",""
"07 Jul 2023","0000010506-Suguna Agencies","0000010506-Suguna Agencies","4500003544","Purcahse Order ZSPR","82,074.00","1,00,347.32 Cr","","","","7,386.66 Dr","7,386.66 Dr","","","","","","","","","","","","","","","","","","","",""
"07 Jul 2023","0000011663-KMech Engineers","0000011663-KMech Engineers","4500003545","Purcahse Order ZSPR","3,57,684.00","4,22,067.12 Cr","","64,383.12 Dr","","","","","","","","","","","","","","","","","","","","","","",""
"07 Jul 2023","0000011853-VIJAYA ENTERPRISES","0000011853-VIJAYA ENTERPRISES","4540005771","Purcahse Order ZSER","2,10,000.00","2,47,800.00 Cr","","37,800.00 Dr","","","","","","","","","","","","","","","","","","","","","","",""
"07 Jul 2023","0000030806-Chemical Consultants","0000030806-Chemical Consultants","4540005772","Purcahse Order ZSER","1,20,000.00","1,41,600.00 Cr","","","","10,800.00 Dr","10,800.00 Dr","","","","","","","","","","","","","","","","","","","",""
"07 Jul 2023","0000060228-TATA Teleservices Limited","0000060228-TATA Teleservices Limited","4540005773","Purcahse Order ZSER","67,485.33","1,34,970.66 Cr","","","","","","","","","","","","","","","","","","","","","","","","",""
"07 Jul 2023","0000030060-J.S.R Enterprises","0000030060-J.S.R Enterprises","4540005774","Purcahse Order ZSER","38,855.00","45,848.90 Cr","","","","3,496.95 Dr","3,496.95 Dr","","","","","","","","","","","","","","","","","","","",""
"07 Jul 2023","0000030060-J.S.R Enterprises","0000030060-J.S.R Enterprises","4540005775","Purcahse Order ZSER","38,004.00","44,844.72 Cr","","","","3,420.36 Dr","3,420.36 Dr","","","","","","","","","","","","","","","","","","","",""
"07 Jul 2023","0000060124-Rugmini Travels","0000060124-Rugmini Travels","4540005776","Purcahse Order ZSER","4,700.00","4,700.00 Cr","","","","","","","","","","","","","","","","","","","","","","","","",""
"07 Jul 2023","0000010353-M.L. Engineering","0000010353-M.L. Engineering","4540005777","Purcahse Order ZSER","22,000.00","25,960.00 Cr","","","","1,980.00 Dr","1,980.00 Dr","","","","","","","","","","","","","","","","","","","",""
"07 Jul 2023","0000031517-VB Interior & Constructions","0000031517-VB Interior & Constructions","4540005778","Purcahse Order ZSER","86,100.00","1,87,698.00 Cr","","","","7,749.00 Dr","7,749.00 Dr","","","","","","","","","","","","","","","","","","","",""
"08 Jul 2023","0000012015-JSW MINERALS TRADING PRIVATE LIMITE","0000012015-JSW MINERALS TRADING PRIVATE LIMITE","4600001070","Purcahse Order ZCOL","5,24,50,000.00","5,90,72,500.00 Cr","5,24,50,000.00 Dr","26,22,500.00 Dr","40,00,000.00 Dr","","","","","","","","","","","","","","","","","","","","","",""
"10 Jul 2023","0000012033-HYDAC (INDIA) PVT. LTD","0000012033-HYDAC (INDIA) PVT. LTD","4500003546","Purcahse Order ZSPR","4,45,094.00","5,25,210.92 Cr","","","","40,058.46 Dr","40,058.46 Dr","","","","","","","","","","","","","","","","","","","",""
"10 Jul 2023","0000011416-Creative Engineers","0000011416-Creative Engineers","4500003547","Purcahse Order ZSPR","2,56,914.00","3,06,958.52 Cr","","","","23,122.26 Dr","23,122.26 Dr","","","","","","","","","","","","","","","","","","","",""
"10 Jul 2023","0000011607-SNK Rolling Bearing","0000011607-SNK Rolling Bearing","4500003548","Purcahse Order ZSPR","89,800.00","1,95,764.00 Cr","","16,164.00 Dr","","","","","","","","","","","","","","","","","","","","","","",""
"10 Jul 2023","0000011496-TN Oxygen Private Limited","0000011496-TN Oxygen Private Limited","4510001714","Purcahse Order ZCON","1,750.00","2,065.00 Cr","","","","157.50 Dr","157.50 Dr","","","","","","","","","","","","","","","","","","","",""
"10 Jul 2023","0000012016-REKHA DECOR","0000012016-REKHA DECOR","4520000930","Purcahse Order ZDOM","55,160.00","1,17,239.20 Cr","","","","3,459.60 Dr","3,459.60 Dr","","","","","","","","","","","","","","","","","","","",""
"10 Jul 2023","0000011884-NJ INDUSTRIAL PRODUCTS","0000011884-NJ INDUSTRIAL PRODUCTS","4520000931","Purcahse Order ZDOM","2,060.00","2,430.80 Cr","","","","185.40 Dr","185.40 Dr","","","","","","","","","","","","","","","","","","","",""
"10 Jul 2023","0000010353-M.L. Engineering","0000010353-M.L. Engineering","4540005779","Purcahse Order ZSER","95,000.00","1,28,100.00 Cr","","","","8,550.00 Dr","8,550.00 Dr","","","","","","","","","","","","","","","","","","","",""
"10 Jul 2023","0000031142-Archer Integrated Services Pvt.Ltd.","0000031142-Archer Integrated Services Pvt.Ltd.","4540005780","Purcahse Order ZSER","48,000.00","50,400.00 Cr","","","","1,200.00 Dr","1,200.00 Dr","","","","","","","","","","","","","","","","","","","",""
"10 Jul 2023","0000031389-Factor Healthcare Services Pvt.Ltd.","0000031389-Factor Healthcare Services Pvt.Ltd.","4540005782","Purcahse Order ZSER","75,000.00","75,000.00 Cr","","","","","","","","","","","","","","","","","","","","","","","","",""
"10 Jul 2023","0000090011-Mahanadi Coal fields limited","0000090011-Mahanadi Coal fields limited","4600001071","Purcahse Order ZCOL","5,02,87,680.28","6,69,08,480.30 Cr","59,25,500.75 Dr","25,14,384.02 Dr","1,41,06,416.00 Dr","","","","","","","","","","","","","","","","","","","","","",""
"10 Jul 2023","0000011566-Sri Mahasakthi Petroleum","0000011566-Sri Mahasakthi Petroleum","4600001072","Purcahse Order ZSCF","56,98,800.00","56,98,800.00 Cr","","","","","","","","","","","","","","","","","","","","","","","","",""
"11 Jul 2023","0000010570-Goodwill Engineering Company","0000010570-Goodwill Engineering Company","4510001715","Purcahse Order ZCON","3,000.00","3,540.00 Cr","","","","270.00 Dr","270.00 Dr","","","","","","","","","","","","","","","","","","","",""
"11 Jul 2023","0000010817-Cargo Container Seals","0000010817-Cargo Container Seals","4510001716","Purcahse Order ZCON","3,10,250.00","3,66,095.00 Cr","","","","27,922.50 Dr","27,922.50 Dr","","","","","","","","","","","","","","","","","","","",""
"11 Jul 2023","0000010712-H.M Industrial Suppliers","0000010712-H.M Industrial Suppliers","4520000932","Purcahse Order ZDOM","75,250.00","91,745.00 Cr","","","","6,772.50 Dr","6,772.50 Dr","","","","","","","","","","","","","","","","","","","",""
"11 Jul 2023","0000011538-Krishna Enterprises","0000011538-Krishna Enterprises","4540005783","Purcahse Order ZSER","43,280.00","51,070.40 Cr","","","","3,895.20 Dr","3,895.20 Dr","","","","","","","","","","","","","","","","","","","",""
"11 Jul 2023","0000030047-G.RAVI","0000030047-G.RAVI","4540005784","Purcahse Order ZSER","13,000.00","13,000.00 Cr","","","","","","","","","","","","","","","","","","","","","","","","",""
"11 Jul 2023","0000011538-Krishna Enterprises","0000011538-Krishna Enterprises","4540005785","Purcahse Order ZSER","48,834.00","57,624.12 Cr","","","","4,395.06 Dr","4,395.06 Dr","","","","","","","","","","","","","","","","","","","",""
"11 Jul 2023","0000011896-SUPER ENTERPRISES","0000011896-SUPER ENTERPRISES","48","Purcahse Order ZNPA","2,850.00","3,363.00 Cr","","","","256.50 Dr","256.50 Dr","","","","","","","","","","","","","","","","","","","",""
"12 Jul 2023","0000011892-INTAS AUTOMATIONS","0000011892-INTAS AUTOMATIONS","4500003549","Purcahse Order ZSPR","2,868.00","3,384.24 Cr","","","","258.12 Dr","258.12 Dr","","","","","","","","","","","","","","","","","","","",""
"12 Jul 2023","0000011136-SV Belting","0000011136-SV Belting","4500003550","Purcahse Order ZSPR","2,408.00","3,341.44 Cr","","","","216.72 Dr","216.72 Dr","","","","","","","","","","","","","","","","","","","",""
"12 Jul 2023","0000010244-Thermal Instrument India Pvt.Ltd","0000010244-Thermal Instrument India Pvt.Ltd","4500003551","Purcahse Order ZSPR","14,550.00","18,349.00 Cr","","2,619.00 Dr","","","","","","","","","","","","","","","","","","","","","","",""
"12 Jul 2023","0000011641-AIXIN ENTERPRISES","0000011641-AIXIN ENTERPRISES","4500003552","Purcahse Order ZSPR","66,460.00","79,142.80 Cr","","","","6,341.40 Dr","6,341.40 Dr","","","","","","","","","","","","","","","","","","","",""
"12 Jul 2023","0000011523-Nazrex Hard Tools Complex","0000011523-Nazrex Hard Tools Complex","4510001717","Purcahse Order ZCON","1,700.00","2,200.00 Cr","","","","","","","","","","","","","","","","","","","","","","","","",""
"12 Jul 2023","0000030359-RR Insulation","0000030359-RR Insulation","4540005786","Purcahse Order ZSER","3,61,867.20","4,27,003.30 Cr","","","","32,568.05 Dr","32,568.05 Dr","","","","","","","","","","","","","","","","","","","",""
"12 Jul 2023","0000011538-Krishna Enterprises","0000011538-Krishna Enterprises","4540005787","Purcahse Order ZSER","68,200.00","80,476.00 Cr","","","","6,138.00 Dr","6,138.00 Dr","","","","","","","","","","","","","","","","","","","",""
"12 Jul 2023","0000060228-TATA Teleservices Limited","0000060228-TATA Teleservices Limited","4540005788","Purcahse Order ZSER","20,245.59","40,491.18 Cr","","","","","","","","","","","","","","","","","","","","","","","","",""
"12 Jul 2023","0000012026-SYNTERPRISE ENERGY SERVICES PVT LTD","0000012026-SYNTERPRISE ENERGY SERVICES PVT LTD","4540005790","Purcahse Order ZSER","7,10,000.00","15,47,800.00 Cr","","1,27,800.00 Dr","","","","","","","","","","","","","","","","","","","","","","",""
"12 Jul 2023","0000090024-A & A International Trading Pvt. Lt","0000090024-A & A International Trading Pvt. Lt","4600001073","Purcahse Order ZCOL","5,56,00,000.00","6,23,80,000.00 Cr","5,56,00,000.00 Dr","","40,00,000.00 Dr","13,90,000.00 Dr","13,90,000.00 Dr","","","","","","","","","","","","","","","","","","","",""
"13 Jul 2023","0000010071-Geeco Enercon Pvt Limited","0000010071-Geeco Enercon Pvt Limited","4500003553","Purcahse Order ZSPR","15,73,680.36","18,68,742.82 Cr","","","","1,41,631.23 Dr","1,41,631.23 Dr","","","","","","","","","","","","","","","","","","","",""
"13 Jul 2023","0000011053-Premier(India)Bearings Ltd","0000011053-Premier(India)Bearings Ltd","4500003554","Purcahse Order ZSPR","1,04,825.00","1,23,693.50 Cr","","","","9,434.25 Dr","9,434.25 Dr","","","","","","","","","","","","","","","","","","","",""
"13 Jul 2023","0000011965-MACROPO EXPANSION JOINTS PVT LTD","0000011965-MACROPO EXPANSION JOINTS PVT LTD","4500003555","Purcahse Order ZSPR","4,61,280.00","10,05,590.40 Cr","","","","41,515.20 Dr","41,515.20 Dr","","","","","","","","","","","","","","","","","","","",""
"13 Jul 2023","0000011475-VPK Print Product","0000011475-VPK Print Product","4520000933","Purcahse Order ZDOM","7,800.00","9,204.00 Cr","","","","702.00 Dr","702.00 Dr","","","","","","","","","","","","","","","","","","","",""
"13 Jul 2023","0000011121-Admire Furnitures","0000011121-Admire Furnitures","4520000934","Purcahse Order ZDOM","56,500.00","69,974.00 Cr","","","","5,085.00 Dr","5,085.00 Dr","","","","","","","","","","","","","","","","","","","",""
"13 Jul 2023","0000030074-M.S.Enterprises","0000030074-M.S.Enterprises","4540005791","Purcahse Order ZSER","91,300.00","1,07,734.00 Cr","","","","8,217.00 Dr","8,217.00 Dr","","","","","","","","","","","","","","","","","","","",""
"13 Jul 2023","0000090024-A & A International Trading Pvt. Lt","0000090024-A & A International Trading Pvt. Lt","4600001074","Purcahse Order ZCOL","1,29,00,000.00","1,35,45,000.00 Cr","1,29,00,000.00 Dr","","","3,22,500.00 Dr","3,22,500.00 Dr","","","","","","","","","","","","","","","","","","","",""
"14 Jul 2023","0000010184-Rose Bearings (India)","0000010184-Rose Bearings (India)","4500003556","Purcahse Order ZSPR","4,160.00","4,908.80 Cr","","","","374.40 Dr","374.40 Dr","","","","","","","","","","","","","","","","","","","",""
"14 Jul 2023","0000012039-DM ENGINEERING ENV SERVICES","0000012039-DM ENGINEERING ENV SERVICES","4540005792","Purcahse Order ZSER","2,20,000.00","2,59,600.00 Cr","","","","19,800.00 Dr","19,800.00 Dr","","","","","","","","","","","","","","","","","","","",""
"14 Jul 2023","0000060123-Sai Baba Business Solutions Pvt Ltd","0000060123-Sai Baba Business Solutions Pvt Ltd","4540005793","Purcahse Order ZSER","4,000.00","4,720.00 Cr","","","","360.00 Dr","360.00 Dr","","","","","","","","","","","","","","","","","","","",""
"14 Jul 2023","","","4610001924","Purcahse Order ZSTO","0.00","0.00 Cr","","","","","","","","","","","","","","","","","","","","","","","","",""
"14 Jul 2023","","","4610001925","Purcahse Order ZSTO","0.00","0.00 Cr","","","","","","","","","","","","","","","","","","","","","","","","",""
"14 Jul 2023","","","4610001926","Purcahse Order ZSTO","0.00","0.00 Cr","","","","","","","","","","","","","","","","","","","","","","","","",""
"14 Jul 2023","","","4610001927","Purcahse Order ZSTO","0.00","0.00 Cr","","","","","","","","","","","","","","","","","","","","","","","","",""
"14 Jul 2023","","","4610001928","Purcahse Order ZSTO","0.00","0.00 Cr","","","","","","","","","","","","","","","","","","","","","","","","",""
"14 Jul 2023","","","4610001929","Purcahse Order ZSTO","0.00","0.00 Cr","","","","","","","","","","","","","","","","","","","","","","","","",""
"14 Jul 2023","","","4610001930","Purcahse Order ZSTO","0.00","0.00 Cr","","","","","","","","","","","","","","","","","","","","","","","","",""
"14 Jul 2023","","","4610001931","Purcahse Order ZSTO","0.00","0.00 Cr","","","","","","","","","","","","","","","","","","","","","","","","",""
"14 Jul 2023","","","4610001932","Purcahse Order ZSTO","0.00","0.00 Cr","","","","","","","","","","","","","","","","","","","","","","","","",""
"14 Jul 2023","","","4610001933","Purcahse Order ZSTO","0.00","0.00 Cr","","","","","","","","","","","","","","","","","","","","","","","","",""
"15 Jul 2023","0000010056-Emerson Process Management Chennai","0000010056-Emerson Process Management Chennai","4500003557","Purcahse Order ZSPR","2,34,771.30","2,77,030.14 Cr","","","","21,129.42 Dr","21,129.42 Dr","","","","","","","","","","","","","","","","","","","",""
"15 Jul 2023","0000011958-TITANIA PRODUCTS PRIVATE LIMITED","0000011958-TITANIA PRODUCTS PRIVATE LIMITED","4530001040","Purcahse Order ZASS","2,00,19,570.00","4,00,39,140.00 Cr","","","","","","","","","","","","","","","","","","","","","","","","",""
"15 Jul 2023","","","4610001934","Purcahse Order ZSTO","0.00","0.00 Cr","","","","","","","","","","","","","","","","","","","","","","","","",""
"15 Jul 2023","","","4610001935","Purcahse Order ZSTO","0.00","0.00 Cr","","","","","","","","","","","","","","","","","","","","","","","","",""
"15 Jul 2023","","","4610001936","Purcahse Order ZSTO","0.00","0.00 Cr","","","","","","","","","","","","","","","","","","","","","","","","",""
"15 Jul 2023","","","4610001937","Purcahse Order ZSTO","0.00","0.00 Cr","","","","","","","","","","","","","","","","","","","","","","","","",""
"15 Jul 2023","","","4610001938","Purcahse Order ZSTO","0.00","0.00 Cr","","","","","","","","","","","","","","","","","","","","","","","","",""
"15 Jul 2023","","","4610001939","Purcahse Order ZSTO","0.00","0.00 Cr","","","","","","","","","","","","","","","","","","","","","","","","",""
"15 Jul 2023","","","4610001940","Purcahse Order ZSTO","0.00","0.00 Cr","","","","","","","","","","","","","","","","","","","","","","","","",""
"15 Jul 2023","","","4610001941","Purcahse Order ZSTO","0.00","0.00 Cr","","","","","","","","","","","","","","","","","","","","","","","","",""
"15 Jul 2023","","","4610001942","Purcahse Order ZSTO","0.00","0.00 Cr","","","","","","","","","","","","","","","","","","","","","","","","",""
"15 Jul 2023","","","4610001943","Purcahse Order ZSTO","0.00","0.00 Cr","","","","","","","","","","","","","","","","","","","","","","","","",""
"15 Jul 2023","","","4610001944","Purcahse Order ZSTO","0.00","0.00 Cr","","","","","","","","","","","","","","","","","","","","","","","","",""
"16 Jul 2023","","","4610001945","Purcahse Order ZSTO","0.00","0.00 Cr","","","","","","","","","","","","","","","","","","","","","","","","",""
"16 Jul 2023","","","4610001946","Purcahse Order ZSTO","0.00","0.00 Cr","","","","","","","","","","","","","","","","","","","","","","","","",""
"16 Jul 2023","","","4610001947","Purcahse Order ZSTO","0.00","0.00 Cr","","","","","","","","","","","","","","","","","","","","","","","","",""
"16 Jul 2023","","","4610001948","Purcahse Order ZSTO","0.00","0.00 Cr","","","","","","","","","","","","","","","","","","","","","","","","",""
"16 Jul 2023","","","4610001949","Purcahse Order ZSTO","0.00","0.00 Cr","","","","","","","","","","","","","","","","","","","","","","","","",""
"16 Jul 2023","","","4610001950","Purcahse Order ZSTO","0.00","0.00 Cr","","","","","","","","","","","","","","","","","","","","","","","","",""
"16 Jul 2023","","","4610001951","Purcahse Order ZSTO","0.00","0.00 Cr","","","","","","","","","","","","","","","","","","","","","","","","",""
"16 Jul 2023","","","4610001952","Purcahse Order ZSTO","0.00","0.00 Cr","","","","","","","","","","","","","","","","","","","","","","","","",""
"16 Jul 2023","","","4610001953","Purcahse Order ZSTO","0.00","0.00 Cr","","","","","","","","","","","","","","","","","","","","","","","","",""
"16 Jul 2023","","","4610001954","Purcahse Order ZSTO","0.00","0.00 Cr","","","","","","","","","","","","","","","","","","","","","","","","",""
"17 Jul 2023","0000010936-Ideatec Softwares (India) Pvt Ltd","0000010936-Ideatec Softwares (India) Pvt Ltd","4500003558","Purcahse Order ZSPR","4,749.90","5,604.88 Cr","","","","427.49 Dr","427.49 Dr","","","","","","","","","","","","","","","","","","","",""
"17 Jul 2023","0000030876-Power Tech Electrical Engineering","0000030876-Power Tech Electrical Engineering","4540005794","Purcahse Order ZSER","40,500.00","47,790.00 Cr","","","","3,645.00 Dr","3,645.00 Dr","","","","","","","","","","","","","","","","","","","",""
"17 Jul 2023","0000011869-Hi Tech Calibration Services","0000011869-Hi Tech Calibration Services","4540005795","Purcahse Order ZSER","3,400.00","7,412.00 Cr","","","","306.00 Dr","306.00 Dr","","","","","","","","","","","","","","","","","","","",""
"17 Jul 2023","0000090145-Adani Enterprises Limited","0000090145-Adani Enterprises Limited","4600001075","Purcahse Order ZCOL","20,40,60,000.00","22,62,63,000.00 Cr","20,40,60,000.00 Dr","","1,20,00,000.00 Dr","51,01,500.00 Dr","51,01,500.00 Dr","","","","","","","","","","","","","","","","","","","",""
"18 Jul 2023","0000010353-M.L. Engineering","0000010353-M.L. Engineering","4500003559","Purcahse Order ZSPR","95,000.00","1,12,100.00 Cr","","","","8,550.00 Dr","8,550.00 Dr","","","","","","","","","","","","","","","","","","","",""
"18 Jul 2023","0000011137-Shabbir Tools Mart","0000011137-Shabbir Tools Mart","4500003561","Purcahse Order ZSPR","13,612.80","16,063.10 Cr","","","","1,225.15 Dr","1,225.15 Dr","","","","","","","","","","","","","","","","","","","",""
"18 Jul 2023","0000010033-BVL Power Systems Pvt. Ltd.","0000010033-BVL Power Systems Pvt. Ltd.","4500003562","Purcahse Order ZSPR","39,200.00","46,256.00 Cr","","7,056.00 Dr","","","","","","","","","","","","","","","","","","","","","","",""
"18 Jul 2023","0000030717-Lanson Motors Private Limited","0000030717-Lanson Motors Private Limited","4530001041","Purcahse Order ZASS","1,00,77,927.00","2,01,55,854.00 Cr","","","","","","","","","","","","","","","","","","","","","","","","",""
"18 Jul 2023","0000011583-NPC Systems","0000011583-NPC Systems","49","Purcahse Order ZNPA","7,203.00","8,499.54 Cr","","","","648.27 Dr","648.27 Dr","","","","","","","","","","","","","","","","","","","",""
"19 Jul 2023","0000010187-S.S.Rubbers Pvt Ltd","0000010187-S.S.Rubbers Pvt Ltd","4500003563","Purcahse Order ZSPR","76,800.00","90,624.00 Cr","","13,824.00 Dr","","","","","","","","","","","","","","","","","","","","","","",""
"19 Jul 2023","0000011098-Happy  Kid's Play Systems","0000011098-Happy  Kid's Play Systems","4530001042","Purcahse Order ZASS","1,79,337.25","2,00,857.73 Cr","","","","10,760.24 Dr","10,760.24 Dr","","","","","","","","","","","","","","","","","","","",""
"19 Jul 2023","0000031234-Alpha Hospitals","0000031234-Alpha Hospitals","4540005796","Purcahse Order ZSER","7,407.00","7,407.00 Cr","","","","","","","","","","","","","","","","","","","","","","","","",""
"19 Jul 2023","0000031234-Alpha Hospitals","0000031234-Alpha Hospitals","4540005797","Purcahse Order ZSER","5,382.00","5,382.00 Cr","","","","","","","","","","","","","","","","","","","","","","","","",""
"20 Jul 2023","0000011011-Shravana Engineers","0000011011-Shravana Engineers","4500003564","Purcahse Order ZSPR","2,84,052.00","3,35,181.36 Cr","","51,129.36 Dr","","","","","","","","","","","","","","","","","","","","","","",""
"20 Jul 2023","0000010570-Goodwill Engineering Company","0000010570-Goodwill Engineering Company","4500003565","Purcahse Order ZSPR","67,060.00","79,130.80 Cr","","","","6,035.40 Dr","6,035.40 Dr","","","","","","","","","","","","","","","","","","","",""
"20 Jul 2023","0000010086-Hindustan Hydraulics & Pneumatics","0000010086-Hindustan Hydraulics & Pneumatics","4500003566","Purcahse Order ZSPR","675.00","796.50 Cr","","","","60.75 Dr","60.75 Dr","","","","","","","","","","","","","","","","","","","",""
"20 Jul 2023","0000010103-J.K.T Electricals","0000010103-J.K.T Electricals","4500003567","Purcahse Order ZSPR","11,760.00","13,876.80 Cr","","","","1,058.40 Dr","1,058.40 Dr","","","","","","","","","","","","","","","","","","","",""
"20 Jul 2023","0000011892-INTAS AUTOMATIONS","0000011892-INTAS AUTOMATIONS","4500003568","Purcahse Order ZSPR","11,400.00","15,222.00 Cr","","","","1,026.00 Dr","1,026.00 Dr","","","","","","","","","","","","","","","","","","","",""
"20 Jul 2023","0000010103-J.K.T Electricals","0000010103-J.K.T Electricals","4500003569","Purcahse Order ZSPR","25,145.00","29,671.10 Cr","","","","2,263.05 Dr","2,263.05 Dr","","","","","","","","","","","","","","","","","","","",""
"20 Jul 2023","0000010322-Rubber Age Industries","0000010322-Rubber Age Industries","4510001718","Purcahse Order ZCON","24,000.00","28,320.00 Cr","","","","2,160.00 Dr","2,160.00 Dr","","","","","","","","","","","","","","","","","","","",""
"20 Jul 2023","0000030359-RR Insulation","0000030359-RR Insulation","4540005798","Purcahse Order ZSER","5,93,100.00","6,99,858.00 Cr","","","","53,379.00 Dr","53,379.00 Dr","","","","","","","","","","","","","","","","","","","",""
"20 Jul 2023","0000031517-VB Interior & Constructions","0000031517-VB Interior & Constructions","4540005799","Purcahse Order ZSER","28,800.00","62,784.00 Cr","","","","2,592.00 Dr","2,592.00 Dr","","","","","","","","","","","","","","","","","","","",""
"21 Jul 2023","0000012046-FLUID VALVE CO","0000012046-FLUID VALVE CO","4500003570","Purcahse Order ZSPR","5,775.00","6,814.50 Cr","","","","519.75 Dr","519.75 Dr","","","","","","","","","","","","","","","","","","","",""
"21 Jul 2023","0000011416-Creative Engineers","0000011416-Creative Engineers","4500003571","Purcahse Order ZSPR","54,800.00","64,664.00 Cr","","","","4,932.00 Dr","4,932.00 Dr","","","","","","","","","","","","","","","","","","","",""
"21 Jul 2023","0000011496-TN Oxygen Private Limited","0000011496-TN Oxygen Private Limited","4510001719","Purcahse Order ZCON","21,000.00","24,780.00 Cr","","","","1,890.00 Dr","1,890.00 Dr","","","","","","","","","","","","","","","","","","","",""
"21 Jul 2023","0000012045-VERTIV ENERGY PRIVATE LIMITED","0000012045-VERTIV ENERGY PRIVATE LIMITED","4540005800","Purcahse Order ZSER","22,500.00","26,550.00 Cr","","","","2,025.00 Dr","2,025.00 Dr","","","","","","","","","","","","","","","","","","","",""
"21 Jul 2023","0000030843-Fast Track Pvt. Ltd.","0000030843-Fast Track Pvt. Ltd.","4540005801","Purcahse Order ZSER","52,012.00","54,612.60 Cr","","","","1,300.30 Dr","1,300.30 Dr","","","","","","","","","","","","","","","","","","","",""
"21 Jul 2023","0000011833-RE Sustainability IWM Solutions Lim","0000011833-RE Sustainability IWM Solutions Lim","4540005802","Purcahse Order ZSER","10,875.00","12,832.50 Cr","","","","978.75 Dr","978.75 Dr","","","","","","","","","","","","","","","","","","","",""
"24 Jul 2023","0000011797-STAR OFFICE BAZAAR PVT LTD","0000011797-STAR OFFICE BAZAAR PVT LTD","4520000935","Purcahse Order ZDOM","14,685.00","16,644.30 Cr","","","","979.65 Dr","979.65 Dr","","","","","","","","","","","","","","","","","","","",""
"24 Jul 2023","0000012042-J.KRISHNAMOORTHY","0000012042-J.KRISHNAMOORTHY","4540005803","Purcahse Order ZSER","1,75,306.00","1,75,306.00 Cr","","","","","","","","","","","","","","","","","","","","","","","","",""
"24 Jul 2023","0000010984-VK Engineering & Services","0000010984-VK Engineering & Services","4540005804","Purcahse Order ZSER","12,600.00","14,868.00 Cr","","","","1,134.00 Dr","1,134.00 Dr","","","","","","","","","","","","","","","","","","","",""
"24 Jul 2023","0000011565-Sri Sai Engineering","0000011565-Sri Sai Engineering","4540005805","Purcahse Order ZSER","1,60,000.00","1,60,000.00 Cr","","","","","","","","","","","","","","","","","","","","","","","","",""
"24 Jul 2023","0000030876-Power Tech Electrical Engineering","0000030876-Power Tech Electrical Engineering","4540005806","Purcahse Order ZSER","1,40,000.00","1,65,200.00 Cr","","","","12,600.00 Dr","12,600.00 Dr","","","","","","","","","","","","","","","","","","","",""
"25 Jul 2023","0000010913-Amithi Energy","0000010913-Amithi Energy","4530001043","Purcahse Order ZASS","45,80,440.00","58,62,963.20 Cr","","","","6,41,261.60 Dr","6,41,261.60 Dr","","","","","","","","","","","","","","","","","","","",""
"25 Jul 2023","0000011538-Krishna Enterprises","0000011538-Krishna Enterprises","4540005807","Purcahse Order ZSER","7,710.00","9,097.80 Cr","","","","693.90 Dr","693.90 Dr","","","","","","","","","","","","","","","","","","","",""
"25 Jul 2023","0000011538-Krishna Enterprises","0000011538-Krishna Enterprises","4540005808","Purcahse Order ZSER","37,430.00","44,167.40 Cr","","","","3,368.70 Dr","3,368.70 Dr","","","","","","","","","","","","","","","","","","","",""
"26 Jul 2023","0000012040-CPR KEMPRODUCTS INDIA PVT LTD","0000012040-CPR KEMPRODUCTS INDIA PVT LTD","4500003560","Purcahse Order ZSPR","62,125.00","73,307.50 Cr","","","","5,591.25 Dr","5,591.25 Dr","","","","","","","","","","","","","","","","","","","",""
"26 Jul 2023","0000011144-SS Engineers & Polymers","0000011144-SS Engineers & Polymers","4500003573","Purcahse Order ZSPR","73,440.00","86,659.20 Cr","","13,219.20 Dr","","","","","","","","","","","","","","","","","","","","","","",""
"26 Jul 2023","0000030590-Cold Point Pvt.Ltd","0000030590-Cold Point Pvt.Ltd","4530001044","Purcahse Order ZASS","54,509.00","68,656.52 Cr","","","","7,073.76 Dr","7,073.76 Dr","","","","","","","","","","","","","","","","","","","",""
"26 Jul 2023","0000030401-P.Tamilselvi","0000030401-P.Tamilselvi","4540005809","Purcahse Order ZSER","1,62,080.00","1,62,080.00 Cr","","","","","","","","","","","","","","","","","","","","","","","","",""
"26 Jul 2023","0000031274-Magimaidass Rani","0000031274-Magimaidass Rani","4540005810","Purcahse Order ZSER","2,27,296.00","2,27,296.00 Cr","","","","","","","","","","","","","","","","","","","","","","","","",""
"26 Jul 2023","0000031142-Archer Integrated Services Pvt.Ltd.","0000031142-Archer Integrated Services Pvt.Ltd.","4540005811","Purcahse Order ZSER","7,15,905.50","7,60,799.48 Cr","","","","22,446.99 Dr","22,446.99 Dr","","","","","","","","","","","","","","","","","","","",""
"26 Jul 2023","0000060123-Sai Baba Business Solutions Pvt Ltd","0000060123-Sai Baba Business Solutions Pvt Ltd","4540005812","Purcahse Order ZSER","11,500.00","13,570.00 Cr","","","","1,035.00 Dr","1,035.00 Dr","","","","","","","","","","","","","","","","","","","",""
"26 Jul 2023","0000030485-MARS Pest Management Systems (I) Pv","0000030485-MARS Pest Management Systems (I) Pv","4540005813","Purcahse Order ZSER","6,500.00","7,670.00 Cr","","","","585.00 Dr","585.00 Dr","","","","","","","","","","","","","","","","","","","",""
"26 Jul 2023","0000011538-Krishna Enterprises","0000011538-Krishna Enterprises","4540005814","Purcahse Order ZSER","91,000.00","1,07,380.00 Cr","","","","8,190.00 Dr","8,190.00 Dr","","","","","","","","","","","","","","","","","","","",""
"27 Jul 2023","0000800005-V. K. Pump Industries Pvt Ltd","0000800005-V. K. Pump Industries Pvt Ltd","4500003574","Purcahse Order ZSPR","44,000.00","51,920.00 Cr","","7,920.00 Dr","","","","","","","","","","","","","","","","","","","","","","",""
"27 Jul 2023","0000030156-Y. Kanchana","0000030156-Y. Kanchana","4540005815","Purcahse Order ZSER","1,14,020.74","1,34,544.48 Cr","","","","10,261.87 Dr","10,261.87 Dr","","","","","","","","","","","","","","","","","","","",""
"28 Jul 2023","0000010214-Sri Ambaajee Electricals","0000010214-Sri Ambaajee Electricals","4500003575","Purcahse Order ZSPR","11,260.00","13,522.80 Cr","","","","1,013.40 Dr","1,013.40 Dr","","","","","","","","","","","","","","","","","","","",""
"28 Jul 2023","0000010173-Rahul Cables","0000010173-Rahul Cables","4500003576","Purcahse Order ZSPR","35,400.00","43,660.00 Cr","","","","3,186.00 Dr","3,186.00 Dr","","","","","","","","","","","","","","","","","","","",""
"28 Jul 2023","0000010788-The Precision Scientific Co","0000010788-The Precision Scientific Co","4510001720","Purcahse Order ZCON","13,894.00","16,141.36 Cr","","","","1,123.68 Dr","1,123.68 Dr","","","","","","","","","","","","","","","","","","","",""
"28 Jul 2023","0000012051-RIYA INC","0000012051-RIYA INC","4520000936","Purcahse Order ZDOM","9,000.00","10,620.00 Cr","","","","810.00 Dr","810.00 Dr","","","","","","","","","","","","","","","","","","","",""
"28 Jul 2023","0000011085-Kalpvruksh Office Automation India","0000011085-Kalpvruksh Office Automation India","4520000937","Purcahse Order ZDOM","12,000.00","14,160.00 Cr","","","","1,080.00 Dr","1,080.00 Dr","","","","","","","","","","","","","","","","","","","",""
"28 Jul 2023","","","4610001955","Purcahse Order ZSTO","0.00","0.00 Cr","","","","","","","","","","","","","","","","","","","","","","","","",""
"29 Jul 2023","0000010395-KASA ANLAGEN INDIA PVT LTD","0000010395-KASA ANLAGEN INDIA PVT LTD","4500003577","Purcahse Order ZSPR","19,475.00","22,980.52 Cr","","","","1,752.76 Dr","1,752.76 Dr","","","","","","","","","","","","","","","","","","","",""
"29 Jul 2023","0000012053-BALAJI ASSOCIATES","0000012053-BALAJI ASSOCIATES","4500003578","Purcahse Order ZSPR","12,54,501.44","14,80,311.71 Cr","","2,25,810.27 Dr","","","","","","","","","","","","","","","","","","","","","","",""
"29 Jul 2023","0000012014-R K ENTERPRISES","0000012014-R K ENTERPRISES","4500003579","Purcahse Order ZSPR","93,200.00","2,07,176.01 Cr","","16,776.00 Dr","","","","","","","","","","","","","","","","","","","","","","",""
"29 Jul 2023","0000010884-MOKTALI ENGINEERING COMPANY","0000010884-MOKTALI ENGINEERING COMPANY","4500003580","Purcahse Order ZSPR","40,565.00","46,731.70 Cr","","","","3,650.85 Dr","3,650.85 Dr","","","","","","","","","","","","","","","","","","","",""
"29 Jul 2023","0000010570-Goodwill Engineering Company","0000010570-Goodwill Engineering Company","4510001721","Purcahse Order ZCON","17,815.00","21,021.70 Cr","","","","1,603.35 Dr","1,603.35 Dr","","","","","","","","","","","","","","","","","","","",""
"29 Jul 2023","0000030513-Sunil","0000030513-Sunil","4540005817","Purcahse Order ZSER","6,22,543.20","7,21,334.18 Cr","","","","49,395.49 Dr","49,395.49 Dr","","","","","","","","","","","","","","","","","","","",""
"29 Jul 2023","0000012049-SRI SAKTHI ENTERPRISES","0000012049-SRI SAKTHI ENTERPRISES","4540005818","Purcahse Order ZSER","30,000.00","30,000.00 Cr","","","","","","","","","","","","","","","","","","","","","","","","",""
"31 Jul 2023","0000011927-PRASANNA POLYMNERS","0000011927-PRASANNA POLYMNERS","4500003581","Purcahse Order ZSPR","14,640.00","31,915.20 Cr","","","","1,317.60 Dr","1,317.60 Dr","","","","","","","","","","","","","","","","","","","",""
"31 Jul 2023","0000012055-UNIQUE TRADERS","0000012055-UNIQUE TRADERS","4500003582","Purcahse Order ZSPR","44,500.00","52,510.00 Cr","","","","4,005.00 Dr","4,005.00 Dr","","","","","","","","","","","","","","","","","","","",""
"31 Jul 2023","0000030131-SRI PALANI MURUGAN ENGINEERING WORK","0000030131-SRI PALANI MURUGAN ENGINEERING WORK","4530001045","Purcahse Order ZASS","37,000.00","43,660.00 Cr","","","","3,330.00 Dr","3,330.00 Dr","","","","","","","","","","","","","","","","","","","",""
"31 Jul 2023","0000030047-G.RAVI","0000030047-G.RAVI","4530001046","Purcahse Order ZASS","39,600.00","39,600.00 Cr","","","","","","","","","","","","","","","","","","","","","","","","",""
"31 Jul 2023","0000011538-Krishna Enterprises","0000011538-Krishna Enterprises","4540005819","Purcahse Order ZSER","1,53,600.80","1,81,248.94 Cr","","","","13,824.07 Dr","13,824.07 Dr","","","","","","","","","","","","","","","","","","","",""
"01 Aug 2023","0000800010-Hussain Enterprise","0000800010-Hussain Enterprise","4500003583","Purcahse Order ZSPR","1,01,377.08","1,19,624.96 Cr","","","","9,123.94 Dr","9,123.94 Dr","","","","","","","","","","","","","","","","","","","",""
"01 Aug 2023","0000800010-Hussain Enterprise","0000800010-Hussain Enterprise","4500003584","Purcahse Order ZSPR","55,267.10","59,055.12 Cr","","","","1,894.01 Dr","1,894.01 Dr","","","","","","","","","","","","","","","","","","","",""
"01 Aug 2023","0000011288-Mahalinga Enterprises","0000011288-Mahalinga Enterprises","4500003585","Purcahse Order ZSPR","1,60,000.00","1,88,800.00 Cr","","","","14,400.00 Dr","14,400.00 Dr","","","","","","","","","","","","","","","","","","","",""
"01 Aug 2023","0000010223-SULZER PUMPS INDIA LTD","0000010223-SULZER PUMPS INDIA LTD","4500003586","Purcahse Order ZSPR","7,24,764.60","8,55,222.23 Cr","","1,30,457.63 Dr","","","","","","","","","","","","","","","","","","","","","","",""
"01 Aug 2023","0000011621-CKEE ENGINEERING PVT LTD","0000011621-CKEE ENGINEERING PVT LTD","4540005820","Purcahse Order ZSER","90,00,000.00","1,96,20,000.00 Cr","","","","8,10,000.00 Dr","8,10,000.00 Dr","","","","","","","","","","","","","","","","","","","",""
"01 Aug 2023","0000030716-Arvind Gupta","0000030716-Arvind Gupta","4540005821","Purcahse Order ZSER","81,000.00","95,580.00 Cr","","14,580.00 Dr","","","","","","","","","","","","","","","","","","","","","","",""
"01 Aug 2023","0000030554-Rotodynamic Engineering Systems","0000030554-Rotodynamic Engineering Systems","4540005822","Purcahse Order ZSER","27,300.00","32,214.00 Cr","","","","2,457.00 Dr","2,457.00 Dr","","","","","","","","","","","","","","","","","","","",""
"01 Aug 2023","0000011538-Krishna Enterprises","0000011538-Krishna Enterprises","4540005823","Purcahse Order ZSER","66,000.40","77,880.48 Cr","","","","5,940.04 Dr","5,940.04 Dr","","","","","","","","","","","","","","","","","","","",""
"01 Aug 2023","0000030568-Genius Consultants Limited","0000030568-Genius Consultants Limited","4540005824","Purcahse Order ZSER","8,99,346.00","10,61,228.28 Cr","","","","80,941.14 Dr","80,941.14 Dr","","","","","","","","","","","","","","","","","","","",""
"02 Aug 2023","0000010198-SHREE AAGARSEN STEEL INDUSTRIES PVT","0000010198-SHREE AAGARSEN STEEL INDUSTRIES PVT","4500003587","Purcahse Order ZSPR","6,25,840.00","7,38,491.20 Cr","","","","56,325.60 Dr","56,325.60 Dr","","","","","","","","","","","","","","","","","","","",""
"02 Aug 2023","0000010071-Geeco Enercon Pvt Limited","0000010071-Geeco Enercon Pvt Limited","4540005825","Purcahse Order ZSER","64,000.00","75,520.00 Cr","","","","5,760.00 Dr","5,760.00 Dr","","","","","","","","","","","","","","","","","","","",""
"03 Aug 2023","0000012055-UNIQUE TRADERS","0000012055-UNIQUE TRADERS","4500003588","Purcahse Order ZSPR","5,89,500.00","6,95,610.00 Cr","","","","53,055.00 Dr","53,055.00 Dr","","","","","","","","","","","","","","","","","","","",""
"03 Aug 2023","0000012048-VODA ENVIRO PROJECTS PVT LTD","0000012048-VODA ENVIRO PROJECTS PVT LTD","4510001722","Purcahse Order ZCON","1,05,600.00","1,24,608.00 Cr","","","","9,504.00 Dr","9,504.00 Dr","","","","","","","","","","","","","","","","","","","",""
"03 Aug 2023","0000010478-Arya Omnitalk Wireless Solutions","0000010478-Arya Omnitalk Wireless Solutions","4540005826","Purcahse Order ZSER","1,78,750.00","2,10,925.00 Cr","","","","16,087.50 Dr","16,087.50 Dr","","","","","","","","","","","","","","","","","","","",""
"03 Aug 2023","","","4610001956","Purcahse Order ZSTO","0.00","0.00 Cr","","","","","","","","","","","","","","","","","","","","","","","","",""
"04 Aug 2023","0000011927-PRASANNA POLYMNERS","0000011927-PRASANNA POLYMNERS","4500003590","Purcahse Order ZSPR","18,042.00","39,331.56 Cr","","","","1,623.78 Dr","1,623.78 Dr","","","","","","","","","","","","","","","","","","","",""
"04 Aug 2023","0000011537-Control Component India Private Lim","0000011537-Control Component India Private Lim","4500003591","Purcahse Order ZSPR","1,03,054.00","1,21,603.72 Cr","","18,549.72 Dr","","","","","","","","","","","","","","","","","","","","","","",""
"04 Aug 2023","0000012064-ARUN TYRES","0000012064-ARUN TYRES","4520000938","Purcahse Order ZDOM","50,856.00","65,095.68 Cr","","","","7,119.84 Dr","7,119.84 Dr","","","","","","","","","","","","","","","","","","","",""
"04 Aug 2023","0000030131-SRI PALANI MURUGAN ENGINEERING WORK","0000030131-SRI PALANI MURUGAN ENGINEERING WORK","4540005827","Purcahse Order ZSER","60,500.00","71,390.00 Cr","","","","5,445.00 Dr","5,445.00 Dr","","","","","","","","","","","","","","","","","","","",""
"04 Aug 2023","0000031142-Archer Integrated Services Pvt.Ltd.","0000031142-Archer Integrated Services Pvt.Ltd.","4540005828","Purcahse Order ZSER","15,51,160.00","16,51,754.00 Cr","","","","50,297.00 Dr","50,297.00 Dr","","","","","","","","","","","","","","","","","","","",""
"04 Aug 2023","0000011496-TN Oxygen Private Limited","0000011496-TN Oxygen Private Limited","4540005829","Purcahse Order ZSER","3,755.00","4,430.90 Cr","","","","337.95 Dr","337.95 Dr","","","","","","","","","","","","","","","","","","","",""
"05 Aug 2023","0000010774-PDCS Project India Private Limited","0000010774-PDCS Project India Private Limited","4540005830","Purcahse Order ZSER","68,400.00","80,712.00 Cr","","","","6,156.00 Dr","6,156.00 Dr","","","","","","","","","","","","","","","","","","","",""
"05 Aug 2023","0000030040-Emaar Electricals","0000030040-Emaar Electricals","4540005831","Purcahse Order ZSER","11,000.00","12,980.00 Cr","","","","990.00 Dr","990.00 Dr","","","","","","","","","","","","","","","","","","","",""
"05 Aug 2023","0000031367-T7 Enterprises","0000031367-T7 Enterprises","4570000406","Purcahse Order ZCVI","12,750.00","15,045.00 Cr","","","","1,147.50 Dr","1,147.50 Dr","","","","","","","","","","","","","","","","","","","",""
"05 Aug 2023","0000090122-A&A International Trading Pvt Ltd","0000090122-A&A International Trading Pvt Ltd","4600001077","Purcahse Order ZCOL","2,41,87,500.00","2,71,96,875.00 Cr","2,41,87,500.00 Dr","","18,00,000.00 Dr","6,04,687.50 Dr","6,04,687.50 Dr","","","","","","","","","","","","","","","","","","","",""
"05 Aug 2023","0000090122-A&A International Trading Pvt Ltd","0000090122-A&A International Trading Pvt Ltd","4600001078","Purcahse Order ZCOL","66,72,000.00","74,85,600.00 Cr","66,72,000.00 Dr","","4,80,000.00 Dr","1,66,800.00 Dr","1,66,800.00 Dr","","","","","","","","","","","","","","","","","","","",""
"07 Aug 2023","0000011144-SS Engineers & Polymers","0000011144-SS Engineers & Polymers","4500003592","Purcahse Order ZSPR","16,650.00","19,647.00 Cr","","2,997.00 Dr","","","","","","","","","","","","","","","","","","","","","","",""
"07 Aug 2023","0000031517-VB Interior & Constructions","0000031517-VB Interior & Constructions","4540005832","Purcahse Order ZSER","59,260.00","1,29,186.80 Cr","","","","5,333.40 Dr","5,333.40 Dr","","","","","","","","","","","","","","","","","","","",""
"07 Aug 2023","0000031348-Keerthi fabrication engineering wor","0000031348-Keerthi fabrication engineering wor","4540005833","Purcahse Order ZSER","8,000.00","9,440.00 Cr","","1,440.00 Dr","","","","","","","","","","","","","","","","","","","","","","",""
"07 Aug 2023","0000011538-Krishna Enterprises","0000011538-Krishna Enterprises","4540005834","Purcahse Order ZSER","13,900.00","16,402.00 Cr","","","","1,251.00 Dr","1,251.00 Dr","","","","","","","","","","","","","","","","","","","",""
"08 Aug 2023","0000011965-MACROPO EXPANSION JOINTS PVT LTD","0000011965-MACROPO EXPANSION JOINTS PVT LTD","4500003593","Purcahse Order ZSPR","6,466.00","14,095.88 Cr","","","","581.94 Dr","581.94 Dr","","","","","","","","","","","","","","","","","","","",""
"08 Aug 2023","0000011505-Shri Sai Agro Enterprises","0000011505-Shri Sai Agro Enterprises","4510001723","Purcahse Order ZCON","21,762.72","25,420.02 Cr","","","","1,828.65 Dr","1,828.65 Dr","","","","","","","","","","","","","","","","","","","",""
"08 Aug 2023","0000011035-A.M.R.Vegetables Shop","0000011035-A.M.R.Vegetables Shop","4520000939","Purcahse Order ZDOM","69,000.00","72,450.00 Cr","","","","1,725.00 Dr","1,725.00 Dr","","","","","","","","","","","","","","","","","","","",""
"08 Aug 2023","0000030485-MARS Pest Management Systems (I) Pv","0000030485-MARS Pest Management Systems (I) Pv","4540005835","Purcahse Order ZSER","3,400.00","4,012.00 Cr","","","","306.00 Dr","306.00 Dr","","","","","","","","","","","","","","","","","","","",""
"08 Aug 2023","0000030485-MARS Pest Management Systems (I) Pv","0000030485-MARS Pest Management Systems (I) Pv","4540005836","Purcahse Order ZSER","19,500.00","23,010.00 Cr","","","","1,755.00 Dr","1,755.00 Dr","","","","","","","","","","","","","","","","","","","",""
"08 Aug 2023","0000011641-AIXIN ENTERPRISES","0000011641-AIXIN ENTERPRISES","4540005837","Purcahse Order ZSER","18,000.00","21,240.00 Cr","","","","1,620.00 Dr","1,620.00 Dr","","","","","","","","","","","","","","","","","","","",""
"08 Aug 2023","0000060123-Sai Baba Business Solutions Pvt Ltd","0000060123-Sai Baba Business Solutions Pvt Ltd","4540005838","Purcahse Order ZSER","19,500.00","23,010.00 Cr","","","","1,755.00 Dr","1,755.00 Dr","","","","","","","","","","","","","","","","","","","",""
"08 Aug 2023","0000010353-M.L. Engineering","0000010353-M.L. Engineering","4540005839","Purcahse Order ZSER","33,000.00","38,940.00 Cr","","","","2,970.00 Dr","2,970.00 Dr","","","","","","","","","","","","","","","","","","","",""
"08 Aug 2023","0000030060-J.S.R Enterprises","0000030060-J.S.R Enterprises","4540005840","Purcahse Order ZSER","83,200.00","98,176.00 Cr","","","","7,488.00 Dr","7,488.00 Dr","","","","","","","","","","","","","","","","","","","",""
"08 Aug 2023","0000030876-Power Tech Electrical Engineering","0000030876-Power Tech Electrical Engineering","4540005841","Purcahse Order ZSER","87,748.85","1,03,543.65 Cr","","","","7,897.40 Dr","7,897.40 Dr","","","","","","","","","","","","","","","","","","","",""
"08 Aug 2023","0000030876-Power Tech Electrical Engineering","0000030876-Power Tech Electrical Engineering","4540005842","Purcahse Order ZSER","43,478.00","51,304.04 Cr","","","","3,913.02 Dr","3,913.02 Dr","","","","","","","","","","","","","","","","","","","",""
"08 Aug 2023","0000030876-Power Tech Electrical Engineering","0000030876-Power Tech Electrical Engineering","4540005843","Purcahse Order ZSER","27,600.00","32,568.00 Cr","","","","2,484.00 Dr","2,484.00 Dr","","","","","","","","","","","","","","","","","","","",""
"08 Aug 2023","0000030876-Power Tech Electrical Engineering","0000030876-Power Tech Electrical Engineering","4540005844","Purcahse Order ZSER","95,348.00","1,12,510.64 Cr","","","","8,581.32 Dr","8,581.32 Dr","","","","","","","","","","","","","","","","","","","",""
"08 Aug 2023","0000090186-ITOCHU SINGAPORE PTE LTD","0000090186-ITOCHU SINGAPORE PTE LTD","4600001079","Purcahse Order ZCOL","21,82,171.20","23,99,276.50 Cr","21,82,171.20 Dr","","","","","2,17,105.30 Dr","","","","","","","","","","","","","","","","","","",""
"08 Aug 2023","","","4610001957","Purcahse Order ZSTO","0.00","0.00 Cr","","","","","","","","","","","","","","","","","","","","","","","","",""
"08 Aug 2023","","","4610001958","Purcahse Order ZSTO","0.00","0.00 Cr","","","","","","","","","","","","","","","","","","","","","","","","",""
"08 Aug 2023","","","4610001959","Purcahse Order ZSTO","0.00","0.00 Cr","","","","","","","","","","","","","","","","","","","","","","","","",""
"08 Aug 2023","","","4610001960","Purcahse Order ZSTO","0.00","0.00 Cr","","","","","","","","","","","","","","","","","","","","","","","","",""
"08 Aug 2023","","","4610001961","Purcahse Order ZSTO","0.00","0.00 Cr","","","","","","","","","","","","","","","","","","","","","","","","",""
"08 Aug 2023","","","4610001962","Purcahse Order ZSTO","0.00","0.00 Cr","","","","","","","","","","","","","","","","","","","","","","","","",""
"08 Aug 2023","","","4610001963","Purcahse Order ZSTO","0.00","0.00 Cr","","","","","","","","","","","","","","","","","","","","","","","","",""
"09 Aug 2023","0000030131-SRI PALANI MURUGAN ENGINEERING WORK","0000030131-SRI PALANI MURUGAN ENGINEERING WORK","4540005845","Purcahse Order ZSER","74,000.00","87,320.00 Cr","","","","6,660.00 Dr","6,660.00 Dr","","","","","","","","","","","","","","","","","","","",""
"09 Aug 2023","0000030843-Fast Track Pvt. Ltd.","0000030843-Fast Track Pvt. Ltd.","4540005846","Purcahse Order ZSER","50,627.00","53,158.36 Cr","","","","1,265.68 Dr","1,265.68 Dr","","","","","","","","","","","","","","","","","","","",""
"09 Aug 2023","0000012059-COUNCIL  OF ENVIRO EXCELLENCE","0000012059-COUNCIL  OF ENVIRO EXCELLENCE","4540005847","Purcahse Order ZSER","49,400.00","58,292.00 Cr","","8,892.00 Dr","","","","","","","","","","","","","","","","","","","","","","",""
"09 Aug 2023","0000011538-Krishna Enterprises","0000011538-Krishna Enterprises","4570000408","Purcahse Order ZCVI","79,525.02","93,839.52 Cr","","","","7,157.25 Dr","7,157.25 Dr","","","","","","","","","","","","","","","","","","","",""
"09 Aug 2023","0000011538-Krishna Enterprises","0000011538-Krishna Enterprises","4570000409","Purcahse Order ZCVI","29,683.00","35,025.94 Cr","","","","2,671.47 Dr","2,671.47 Dr","","","","","","","","","","","","","","","","","","","",""
"09 Aug 2023","0000011538-Krishna Enterprises","0000011538-Krishna Enterprises","4570000410","Purcahse Order ZCVI","37,530.00","44,285.40 Cr","","","","3,377.70 Dr","3,377.70 Dr","","","","","","","","","","","","","","","","","","","",""
"10 Aug 2023","0000011019-IGP Engineers Pvt. Ltd.","0000011019-IGP Engineers Pvt. Ltd.","4500003594","Purcahse Order ZSPR","46,908.00","55,351.44 Cr","","","","4,221.72 Dr","4,221.72 Dr","","","","","","","","","","","","","","","","","","","",""
"10 Aug 2023","0000010425-ABB India Limited","0000010425-ABB India Limited","4500003595","Purcahse Order ZSPR","2,40,000.00","2,83,200.00 Cr","","43,200.00 Dr","","","","","","","","","","","","","","","","","","","","","","",""
"10 Aug 2023","0000010893-Kiron (India) Traders","0000010893-Kiron (India) Traders","4500003596","Purcahse Order ZSPR","3,400.00","4,012.00 Cr","","","","306.00 Dr","306.00 Dr","","","","","","","","","","","","","","","","","","","",""
"10 Aug 2023","0000011892-INTAS AUTOMATIONS","0000011892-INTAS AUTOMATIONS","4510001725","Purcahse Order ZCON","3,763.60","4,441.08 Cr","","","","338.74 Dr","338.74 Dr","","","","","","","","","","","","","","","","","","","",""
"10 Aug 2023","0000012054-A.ALIMOHAMED & CO.","0000012054-A.ALIMOHAMED & CO.","4510001726","Purcahse Order ZCON","17,250.00","14,605.00 Cr","","","","1,552.50 Dr","1,552.50 Dr","","","","","","","","","","","","","","","","","","","",""
"10 Aug 2023","0000031389-Factor Healthcare Services Pvt.Ltd.","0000031389-Factor Healthcare Services Pvt.Ltd.","4540005848","Purcahse Order ZSER","2,25,000.00","2,25,000.00 Cr","","","","","","","","","","","","","","","","","","","","","","","","",""
"10 Aug 2023","0000031293-Kimaya Turbo Maintenance Services A","0000031293-Kimaya Turbo Maintenance Services A","4540005849","Purcahse Order ZSER","1,36,400.00","1,60,952.00 Cr","","24,552.00 Dr","","","","","","","","","","","","","","","","","","","","","","",""
"10 Aug 2023","0000011538-Krishna Enterprises","0000011538-Krishna Enterprises","4540005850","Purcahse Order ZSER","90,950.00","1,07,321.00 Cr","","","","8,185.50 Dr","8,185.50 Dr","","","","","","","","","","","","","","","","","","","",""
"10 Aug 2023","0000011538-Krishna Enterprises","0000011538-Krishna Enterprises","4540005851","Purcahse Order ZSER","1,30,000.00","1,53,400.00 Cr","","","","11,700.00 Dr","11,700.00 Dr","","","","","","","","","","","","","","","","","","","",""
"10 Aug 2023","0000011916-NUVAMA WEALTH AND INVESTMENT LIMITE","0000011916-NUVAMA WEALTH AND INVESTMENT LIMITE","4540005852","Purcahse Order ZSER","25,000.00","50,000.00 Cr","","","","","","","","","","","","","","","","","","","","","","","","",""
"10 Aug 2023","0000031367-T7 Enterprises","0000031367-T7 Enterprises","4540005853","Purcahse Order ZSER","1,50,000.00","1,77,000.00 Cr","","","","13,500.00 Dr","13,500.00 Dr","","","","","","","","","","","","","","","","","","","",""
"10 Aug 2023","0000090171-Coeclerici Far East (Pte) Ltd.","0000090171-Coeclerici Far East (Pte) Ltd.","4600001080","Purcahse Order ZCOL","27,75,387.94","30,31,757.51 Cr","27,75,387.94 Dr","","","","","2,56,369.57 Dr","","","","","","","","","","","","","","","","","","",""
"10 Aug 2023","","","4610001964","Purcahse Order ZSTO","0.00","0.00 Cr","","","","","","","","","","","","","","","","","","","","","","","","",""
"10 Aug 2023","","","4610001965","Purcahse Order ZSTO","0.00","0.00 Cr","","","","","","","","","","","","","","","","","","","","","","","","",""
"10 Aug 2023","","","4610001966","Purcahse Order ZSTO","0.00","0.00 Cr","","","","","","","","","","","","","","","","","","","","","","","","",""
"10 Aug 2023","","","4610001967","Purcahse Order ZSTO","0.00","0.00 Cr","","","","","","","","","","","","","","","","","","","","","","","","",""
"11 Aug 2023","0000011892-INTAS AUTOMATIONS","0000011892-INTAS AUTOMATIONS","4500003597","Purcahse Order ZSPR","9,500.00","9,500.00 Cr","","","","","","","","","","","","","","","","","","","","","","","","",""
"11 Aug 2023","0000012069-ROYAL INDUSTRIES","0000012069-ROYAL INDUSTRIES","4540005854","Purcahse Order ZSER","78,000.00","1,70,040.00 Cr","","","","7,020.00 Dr","7,020.00 Dr","","","","","","","","","","","","","","","","","","","",""
"11 Aug 2023","0000030150-Vibrotech Trainers & Consultants Pv","0000030150-Vibrotech Trainers & Consultants Pv","4540005855","Purcahse Order ZSER","13,500.00","15,930.00 Cr","","","","1,215.00 Dr","1,215.00 Dr","","","","","","","","","","","","","","","","","","","",""
"14 Aug 2023","0000011884-NJ INDUSTRIAL PRODUCTS","0000011884-NJ INDUSTRIAL PRODUCTS","4500003598","Purcahse Order ZSPR","86,100.00","1,05,098.00 Cr","","","","7,749.00 Dr","7,749.00 Dr","","","","","","","","","","","","","","","","","","","",""
"14 Aug 2023","0000011973-RBC BEARINGS PRIVATE  LIMITED","0000011973-RBC BEARINGS PRIVATE  LIMITED","4500003599","Purcahse Order ZSPR","98,600.00","2,14,948.00 Cr","","","","8,874.00 Dr","8,874.00 Dr","","","","","","","","","","","","","","","","","","","",""
"14 Aug 2023","0000030727-Emperor Engineering Works","0000030727-Emperor Engineering Works","4540005856","Purcahse Order ZSER","21,80,000.00","24,41,600.00 Cr","","","","1,30,800.00 Dr","1,30,800.00 Dr","","","","","","","","","","","","","","","","","","","",""
"14 Aug 2023","","","4610001968","Purcahse Order ZSTO","0.00","0.00 Cr","","","","","","","","","","","","","","","","","","","","","","","","",""
"14 Aug 2023","","","4610001969","Purcahse Order ZSTO","0.00","0.00 Cr","","","","","","","","","","","","","","","","","","","","","","","","",""
"14 Aug 2023","","","4610001970","Purcahse Order ZSTO","0.00","0.00 Cr","","","","","","","","","","","","","","","","","","","","","","","","",""
"14 Aug 2023","","","4610001971","Purcahse Order ZSTO","0.00","0.00 Cr","","","","","","","","","","","","","","","","","","","","","","","","",""
"14 Aug 2023","","","4610001972","Purcahse Order ZSTO","0.00","0.00 Cr","","","","","","","","","","","","","","","","","","","","","","","","",""
"14 Aug 2023","","","4610001973","Purcahse Order ZSTO","0.00","0.00 Cr","","","","","","","","","","","","","","","","","","","","","","","","",""
"14 Aug 2023","","","4610001974","Purcahse Order ZSTO","0.00","0.00 Cr","","","","","","","","","","","","","","","","","","","","","","","","",""
"14 Aug 2023","","","4610001975","Purcahse Order ZSTO","0.00","0.00 Cr","","","","","","","","","","","","","","","","","","","","","","","","",""
"14 Aug 2023","","","4610001976","Purcahse Order ZSTO","0.00","0.00 Cr","","","","","","","","","","","","","","","","","","","","","","","","",""
"14 Aug 2023","","","4610001977","Purcahse Order ZSTO","0.00","0.00 Cr","","","","","","","","","","","","","","","","","","","","","","","","",""
"14 Aug 2023","","","4610001978","Purcahse Order ZSTO","0.00","0.00 Cr","","","","","","","","","","","","","","","","","","","","","","","","",""
"14 Aug 2023","","","4610001979","Purcahse Order ZSTO","0.00","0.00 Cr","","","","","","","","","","","","","","","","","","","","","","","","",""
"16 Aug 2023","0000011006-Madura Tarpaulin Mfg. Co.","0000011006-Madura Tarpaulin Mfg. Co.","4520000940","Purcahse Order ZDOM","7,560.00","8,920.80 Cr","","","","680.40 Dr","680.40 Dr","","","","","","","","","","","","","","","","","","","",""
"16 Aug 2023","0000012073-OMM Enterprises","0000012073-OMM Enterprises","4520000941","Purcahse Order ZDOM","44,400.00","52,392.00 Cr","","","","3,996.00 Dr","3,996.00 Dr","","","","","","","","","","","","","","","","","","","",""
"16 Aug 2023","0000090141-Leon Inspection & Testing India Pvt","0000090141-Leon Inspection & Testing India Pvt","4540005857","Purcahse Order ZSER","27,250.00","32,155.00 Cr","","","","2,452.50 Dr","2,452.50 Dr","","","","","","","","","","","","","","","","","","","",""
"16 Aug 2023","","","4610001980","Purcahse Order ZSTO","0.00","0.00 Cr","","","","","","","","","","","","","","","","","","","","","","","","",""
"17 Aug 2023","0000011965-MACROPO EXPANSION JOINTS PVT LTD","0000011965-MACROPO EXPANSION JOINTS PVT LTD","4500003602","Purcahse Order ZSPR","85,516.00","1,86,424.88 Cr","","","","7,696.44 Dr","7,696.44 Dr","","","","","","","","","","","","","","","","","","","",""
"17 Aug 2023","0000010103-J.K.T Electricals","0000010103-J.K.T Electricals","4510001727","Purcahse Order ZCON","12,000.00","14,750.00 Cr","","","","1,080.00 Dr","1,080.00 Dr","","","","","","","","","","","","","","","","","","","",""
"17 Aug 2023","0000010103-J.K.T Electricals","0000010103-J.K.T Electricals","4510001728","Purcahse Order ZCON","34,120.00","40,851.60 Cr","","","","3,070.80 Dr","3,070.80 Dr","","","","","","","","","","","","","","","","","","","",""
"17 Aug 2023","0000010843-Bhavani Electrical & Electronics","0000010843-Bhavani Electrical & Electronics","4540005858","Purcahse Order ZSER","76,000.00","76,000.00 Cr","","","","","","","","","","","","","","","","","","","","","","","","",""
"18 Aug 2023","0000800010-Hussain Enterprise","0000800010-Hussain Enterprise","4500003603","Purcahse Order ZSPR","13,701.00","16,167.18 Cr","","","","1,233.09 Dr","1,233.09 Dr","","","","","","","","","","","","","","","","","","","",""
"18 Aug 2023","0000011892-INTAS AUTOMATIONS","0000011892-INTAS AUTOMATIONS","4500003604","Purcahse Order ZSPR","2,550.00","3,009.00 Cr","","","","229.50 Dr","229.50 Dr","","","","","","","","","","","","","","","","","","","",""
"18 Aug 2023","0000011027-Sparsh Pipes&Steels company","0000011027-Sparsh Pipes&Steels company","4500003605","Purcahse Order ZSPR","3,72,000.00","4,48,210.00 Cr","","","","33,480.00 Dr","33,480.00 Dr","","","","","","","","","","","","","","","","","","","",""
"19 Aug 2023","0000030919-Rotomatrix Reliability Solutions Pv","0000030919-Rotomatrix Reliability Solutions Pv","4540005859","Purcahse Order ZSER","89,000.00","1,05,020.00 Cr","","","","8,010.00 Dr","8,010.00 Dr","","","","","","","","","","","","","","","","","","","",""
"19 Aug 2023","0000090021-Tata International Singapore Pte Lt","0000090021-Tata International Singapore Pte Lt","4600001082","Purcahse Order ZCOL","31,21,100.00","34,06,180.96 Cr","31,21,100.00 Dr","","","","","2,85,080.96 Dr","","","","","","","","","","","","","","","","","","",""
"19 Aug 2023","","","4610001981","Purcahse Order ZSTO","0.00","0.00 Cr","","","","","","","","","","","","","","","","","","","","","","","","",""
"19 Aug 2023","","","4610001982","Purcahse Order ZSTO","0.00","0.00 Cr","","","","","","","","","","","","","","","","","","","","","","","","",""
"19 Aug 2023","","","4610001983","Purcahse Order ZSTO","0.00","0.00 Cr","","","","","","","","","","","","","","","","","","","","","","","","",""
"19 Aug 2023","","","4610001984","Purcahse Order ZSTO","0.00","0.00 Cr","","","","","","","","","","","","","","","","","","","","","","","","",""
"19 Aug 2023","","","4610001985","Purcahse Order ZSTO","0.00","0.00 Cr","","","","","","","","","","","","","","","","","","","","","","","","",""
"19 Aug 2023","","","4610001986","Purcahse Order ZSTO","0.00","0.00 Cr","","","","","","","","","","","","","","","","","","","","","","","","",""
"19 Aug 2023","","","4610001987","Purcahse Order ZSTO","0.00","0.00 Cr","","","","","","","","","","","","","","","","","","","","","","","","",""
"19 Aug 2023","","","4610001988","Purcahse Order ZSTO","0.00","0.00 Cr","","","","","","","","","","","","","","","","","","","","","","","","",""
"19 Aug 2023","","","4610001989","Purcahse Order ZSTO","0.00","0.00 Cr","","","","","","","","","","","","","","","","","","","","","","","","",""
"19 Aug 2023","","","4610001990","Purcahse Order ZSTO","0.00","0.00 Cr","","","","","","","","","","","","","","","","","","","","","","","","",""
"21 Aug 2023","0000011505-Shri Sai Agro Enterprises","0000011505-Shri Sai Agro Enterprises","4510001729","Purcahse Order ZCON","54,914.36","57,660.08 Cr","","","","1,372.86 Dr","1,372.86 Dr","","","","","","","","","","","","","","","","","","","",""
"21 Aug 2023","0000010570-Goodwill Engineering Company","0000010570-Goodwill Engineering Company","4510001730","Purcahse Order ZCON","7,750.00","8,137.50 Cr","","","","193.75 Dr","193.75 Dr","","","","","","","","","","","","","","","","","","","",""
"21 Aug 2023","0000010570-Goodwill Engineering Company","0000010570-Goodwill Engineering Company","4510001731","Purcahse Order ZCON","40,000.00","47,200.00 Cr","","","","3,600.00 Dr","3,600.00 Dr","","","","","","","","","","","","","","","","","","","",""
"21 Aug 2023","0000012076-SHREE ELECTRICALS & CONTROLS","0000012076-SHREE ELECTRICALS & CONTROLS","4530001048","Purcahse Order ZASS","50,100.00","1,09,218.00 Cr","","9,018.00 Dr","","","","","","","","","","","","","","","","","","","","","","",""
"21 Aug 2023","0000090024-A & A International Trading Pvt. Lt","0000090024-A & A International Trading Pvt. Lt","4600001083","Purcahse Order ZCOL","6,00,00,000.00","6,70,00,000.00 Cr","6,00,00,000.00 Dr","","40,00,000.00 Dr","15,00,000.00 Dr","15,00,000.00 Dr","","","","","","","","","","","","","","","","","","","",""
"22 Aug 2023","0000011605-DYNAMIC AUTOMATION AND SEALS","0000011605-DYNAMIC AUTOMATION AND SEALS","4500003589","Purcahse Order ZSPR","9,500.00","11,210.00 Cr","","","","855.00 Dr","855.00 Dr","","","","","","","","","","","","","","","","","","","",""
"22 Aug 2023","0000010059-Equipment Fabricators & Traders","0000010059-Equipment Fabricators & Traders","4500003601","Purcahse Order ZSPR","3,835.20","3,848.74 Cr","","","","345.17 Dr","345.17 Dr","","","","","","","","","","","","","","","","","","","",""
"22 Aug 2023","0000011137-Shabbir Tools Mart","0000011137-Shabbir Tools Mart","4500003606","Purcahse Order ZSPR","83,736.00","98,808.48 Cr","","","","7,536.24 Dr","7,536.24 Dr","","","","","","","","","","","","","","","","","","","",""
"22 Aug 2023","0000010736-Bangalore Fluid System Components P","0000010736-Bangalore Fluid System Components P","4500003607","Purcahse Order ZSPR","58,846.80","70,619.22 Cr","","10,592.42 Dr","","","","","","","","","","","","","","","","","","","","","","",""
"22 Aug 2023","0000010037-Chemicals India Company","0000010037-Chemicals India Company","4510001732","Purcahse Order ZCON","13,400.00","13,400.00 Cr","","","","","","","","","","","","","","","","","","","","","","","","",""
"22 Aug 2023","0000030131-SRI PALANI MURUGAN ENGINEERING WORK","0000030131-SRI PALANI MURUGAN ENGINEERING WORK","4540005860","Purcahse Order ZSER","15,200.00","17,936.00 Cr","","","","1,368.00 Dr","1,368.00 Dr","","","","","","","","","","","","","","","","","","","",""
"22 Aug 2023","0000011730-SAVITHA","0000011730-SAVITHA","4540005861","Purcahse Order ZSER","4,05,360.00","8,83,684.80 Cr","","","","36,482.40 Dr","36,482.40 Dr","","","","","","","","","","","","","","","","","","","",""
"22 Aug 2023","0000030480-Le Raj Courtyard","0000030480-Le Raj Courtyard","4540005862","Purcahse Order ZSER","63,783.38","71,074.54 Cr","","","","3,645.58 Dr","3,645.58 Dr","","","","","","","","","","","","","","","","","","","",""
"22 Aug 2023","0000031348-Keerthi fabrication engineering wor","0000031348-Keerthi fabrication engineering wor","4540005863","Purcahse Order ZSER","6,000.00","7,080.00 Cr","","1,080.00 Dr","","","","","","","","","","","","","","","","","","","","","","",""
"22 Aug 2023","0000030568-Genius Consultants Limited","0000030568-Genius Consultants Limited","4540005864","Purcahse Order ZSER","19,52,556.00","23,04,016.08 Cr","","","","1,75,730.04 Dr","1,75,730.04 Dr","","","","","","","","","","","","","","","","","","","",""
"22 Aug 2023","0000010353-M.L. Engineering","0000010353-M.L. Engineering","4540005865","Purcahse Order ZSER","8,500.00","10,030.00 Cr","","","","765.00 Dr","765.00 Dr","","","","","","","","","","","","","","","","","","","",""
"22 Aug 2023","0000010936-Ideatec Softwares (India) Pvt Ltd","0000010936-Ideatec Softwares (India) Pvt Ltd","4540005866","Purcahse Order ZSER","7,500.00","8,850.00 Cr","","","","675.00 Dr","675.00 Dr","","","","","","","","","","","","","","","","","","","",""
"22 Aug 2023","0000012066-SAI ENGINEERING","0000012066-SAI ENGINEERING","4540005867","Purcahse Order ZSER","22,500.00","26,550.00 Cr","","","","2,025.00 Dr","2,025.00 Dr","","","","","","","","","","","","","","","","","","","",""
"22 Aug 2023","0000030620-Global PT Provider (P) Ltd","0000030620-Global PT Provider (P) Ltd","4540005868","Purcahse Order ZSER","13,500.00","16,430.00 Cr","","2,430.00 Dr","","","","","","","","","","","","","","","","","","","","","","",""
"22 Aug 2023","0000012086-B.K.ENTERPRISES","0000012086-B.K.ENTERPRISES","4570000411","Purcahse Order ZCVI","19,36,000.00","42,20,480.00 Cr","","","","1,74,240.00 Dr","1,74,240.00 Dr","","","","","","","","","","","","","","","","","","","",""
"23 Aug 2023","0000010015-AIA Engineering Limited","0000010015-AIA Engineering Limited","4500003608","Purcahse Order ZSPR","37,53,000.00","44,28,540.00 Cr","","6,75,540.00 Dr","","","","","","","","","","","","","","","","","","","","","","",""
"23 Aug 2023","0000010353-M.L. Engineering","0000010353-M.L. Engineering","4500003609","Purcahse Order ZSPR","7,00,000.00","8,31,000.00 Cr","","","","63,000.00 Dr","63,000.00 Dr","","","","","","","","","","","","","","","","","","","",""
"23 Aug 2023","0000011496-TN Oxygen Private Limited","0000011496-TN Oxygen Private Limited","4510001733","Purcahse Order ZCON","52,928.00","62,455.04 Cr","","","","4,763.52 Dr","4,763.52 Dr","","","","","","","","","","","","","","","","","","","",""
"23 Aug 2023","0000011082-Royal Dot","0000011082-Royal Dot","4520000942","Purcahse Order ZDOM","79,760.00","94,116.80 Cr","","","","7,178.40 Dr","7,178.40 Dr","","","","","","","","","","","","","","","","","","","",""
"23 Aug 2023","0000011965-MACROPO EXPANSION JOINTS PVT LTD","0000011965-MACROPO EXPANSION JOINTS PVT LTD","4540005869","Purcahse Order ZSER","11,00,830.00","23,99,809.40 Cr","","","","99,074.70 Dr","99,074.70 Dr","","","","","","","","","","","","","","","","","","","",""
"23 Aug 2023","0000011965-MACROPO EXPANSION JOINTS PVT LTD","0000011965-MACROPO EXPANSION JOINTS PVT LTD","4540005870","Purcahse Order ZSER","1,77,312.00","3,86,540.16 Cr","","","","15,958.08 Dr","15,958.08 Dr","","","","","","","","","","","","","","","","","","","",""
"23 Aug 2023","0000031367-T7 Enterprises","0000031367-T7 Enterprises","4570000412","Purcahse Order ZCVI","11,000.00","11,550.00 Cr","","","","275.00 Dr","275.00 Dr","","","","","","","","","","","","","","","","","","","",""
"24 Aug 2023","0000011027-Sparsh Pipes&Steels company","0000011027-Sparsh Pipes&Steels company","4500003610","Purcahse Order ZSPR","4,00,950.00","4,80,621.00 Cr","","","","36,085.50 Dr","36,085.50 Dr","","","","","","","","","","","","","","","","","","","",""
"24 Aug 2023","0000010995-Alekton Engineering Industries PVT.","0000010995-Alekton Engineering Industries PVT.","4500003611","Purcahse Order ZSPR","6,10,000.00","7,19,800.00 Cr","","","","54,900.00 Dr","54,900.00 Dr","","","","","","","","","","","","","","","","","","","",""
"24 Aug 2023","0000010265-Vamaja Engineering Private Limited","0000010265-Vamaja Engineering Private Limited","4500003612","Purcahse Order ZSPR","1,20,325.50","1,41,984.10 Cr","","","","10,829.30 Dr","10,829.30 Dr","","","","","","","","","","","","","","","","","","","",""
"24 Aug 2023","0000011288-Mahalinga Enterprises","0000011288-Mahalinga Enterprises","4500003613","Purcahse Order ZSPR","1,80,000.00","2,12,400.00 Cr","","","","16,200.00 Dr","16,200.00 Dr","","","","","","","","","","","","","","","","","","","",""
"24 Aug 2023","0000012055-UNIQUE TRADERS","0000012055-UNIQUE TRADERS","4500003614","Purcahse Order ZSPR","2,76,600.00","3,31,388.00 Cr","","","","24,894.00 Dr","24,894.00 Dr","","","","","","","","","","","","","","","","","","","",""
"24 Aug 2023","0000010353-M.L. Engineering","0000010353-M.L. Engineering","4500003615","Purcahse Order ZSPR","1,20,000.00","1,41,600.00 Cr","","","","10,800.00 Dr","10,800.00 Dr","","","","","","","","","","","","","","","","","","","",""
"24 Aug 2023","0000010570-Goodwill Engineering Company","0000010570-Goodwill Engineering Company","4500003616","Purcahse Order ZSPR","12,156.00","14,344.08 Cr","","","","1,094.04 Dr","1,094.04 Dr","","","","","","","","","","","","","","","","","","","",""
"24 Aug 2023","0000010037-Chemicals India Company","0000010037-Chemicals India Company","4510001734","Purcahse Order ZCON","1,39,200.00","1,64,256.00 Cr","","","","12,528.00 Dr","12,528.00 Dr","","","","","","","","","","","","","","","","","","","",""
"24 Aug 2023","0000010103-J.K.T Electricals","0000010103-J.K.T Electricals","4510001735","Purcahse Order ZCON","47,875.00","57,672.50 Cr","","","","4,308.75 Dr","4,308.75 Dr","","","","","","","","","","","","","","","","","","","",""
"24 Aug 2023","0000010103-J.K.T Electricals","0000010103-J.K.T Electricals","4510001736","Purcahse Order ZCON","36,350.00","43,778.00 Cr","","","","3,271.50 Dr","3,271.50 Dr","","","","","","","","","","","","","","","","","","","",""
"24 Aug 2023","0000010103-J.K.T Electricals","0000010103-J.K.T Electricals","4510001737","Purcahse Order ZCON","59,500.00","71,390.00 Cr","","","","5,355.00 Dr","5,355.00 Dr","","","","","","","","","","","","","","","","","","","",""
"24 Aug 2023","0000010936-Ideatec Softwares (India) Pvt Ltd","0000010936-Ideatec Softwares (India) Pvt Ltd","4530001050","Purcahse Order ZASS","2,16,090.00","2,50,576.20 Cr","","","","19,448.10 Dr","19,448.10 Dr","","","","","","","","","","","","","","","","","","","",""
"24 Aug 2023","0000030401-P.Tamilselvi","0000030401-P.Tamilselvi","4540005871","Purcahse Order ZSER","3,36,590.00","3,36,590.00 Cr","","","","","","","","","","","","","","","","","","","","","","","","",""
"24 Aug 2023","0000031405-Friends Engineering Enterprises","0000031405-Friends Engineering Enterprises","4540005872","Purcahse Order ZSER","3,30,000.00","3,89,400.00 Cr","","","","29,700.00 Dr","29,700.00 Dr","","","","","","","","","","","","","","","","","","","",""
"24 Aug 2023","0000031274-Magimaidass Rani","0000031274-Magimaidass Rani","4540005874","Purcahse Order ZSER","6,40,000.00","6,40,000.00 Cr","","","","","","","","","","","","","","","","","","","","","","","","",""
"25 Aug 2023","0000010570-Goodwill Engineering Company","0000010570-Goodwill Engineering Company","4510001738","Purcahse Order ZCON","3,000.00","3,540.00 Cr","","","","270.00 Dr","270.00 Dr","","","","","","","","","","","","","","","","","","","",""
"26 Aug 2023","","","4610001991","Purcahse Order ZSTO","0.00","0.00 Cr","","","","","","","","","","","","","","","","","","","","","","","","",""
"26 Aug 2023","","","4610001992","Purcahse Order ZSTO","0.00","0.00 Cr","","","","","","","","","","","","","","","","","","","","","","","","",""
"26 Aug 2023","","","4610001993","Purcahse Order ZSTO","0.00","0.00 Cr","","","","","","","","","","","","","","","","","","","","","","","","",""
"26 Aug 2023","","","4610001994","Purcahse Order ZSTO","0.00","0.00 Cr","","","","","","","","","","","","","","","","","","","","","","","","",""
"26 Aug 2023","","","4610001995","Purcahse Order ZSTO","0.00","0.00 Cr","","","","","","","","","","","","","","","","","","","","","","","","",""
"26 Aug 2023","","","4610001996","Purcahse Order ZSTO","0.00","0.00 Cr","","","","","","","","","","","","","","","","","","","","","","","","",""
"26 Aug 2023","","","4610001997","Purcahse Order ZSTO","0.00","0.00 Cr","","","","","","","","","","","","","","","","","","","","","","","","",""
"26 Aug 2023","","","4610001998","Purcahse Order ZSTO","0.00","0.00 Cr","","","","","","","","","","","","","","","","","","","","","","","","",""
"26 Aug 2023","","","4610001999","Purcahse Order ZSTO","0.00","0.00 Cr","","","","","","","","","","","","","","","","","","","","","","","","",""
"26 Aug 2023","","","4610002000","Purcahse Order ZSTO","0.00","0.00 Cr","","","","","","","","","","","","","","","","","","","","","","","","",""
"29 Aug 2023","0000011892-INTAS AUTOMATIONS","0000011892-INTAS AUTOMATIONS","4500003617","Purcahse Order ZSPR","34,692.00","44,116.56 Cr","","","","4,712.28 Dr","4,712.28 Dr","","","","","","","","","","","","","","","","","","","",""
"29 Aug 2023","0000010649-Mint Engineering Industries","0000010649-Mint Engineering Industries","4500003618","Purcahse Order ZSPR","85,000.00","1,08,800.00 Cr","","","","11,900.00 Dr","11,900.00 Dr","","","","","","","","","","","","","","","","","","","",""
"29 Aug 2023","0000010649-Mint Engineering Industries","0000010649-Mint Engineering Industries","4500003619","Purcahse Order ZSPR","1,00,000.00","1,28,000.00 Cr","","","","14,000.00 Dr","14,000.00 Dr","","","","","","","","","","","","","","","","","","","",""
"29 Aug 2023","0000011833-RE Sustainability IWM Solutions Lim","0000011833-RE Sustainability IWM Solutions Lim","4540005876","Purcahse Order ZSER","40,000.00","44,800.00 Cr","","","","2,400.00 Dr","2,400.00 Dr","","","","","","","","","","","","","","","","","","","",""
"29 Aug 2023","0000030060-J.S.R Enterprises","0000030060-J.S.R Enterprises","4540005877","Purcahse Order ZSER","38,855.00","45,848.90 Cr","","","","3,496.95 Dr","3,496.95 Dr","","","","","","","","","","","","","","","","","","","",""
"29 Aug 2023","0000031402-Electro Kleen Systems LLP","0000031402-Electro Kleen Systems LLP","4540005878","Purcahse Order ZSER","47,600.00","56,168.00 Cr","","","","4,284.00 Dr","4,284.00 Dr","","","","","","","","","","","","","","","","","","","",""
"29 Aug 2023","0000010353-M.L. Engineering","0000010353-M.L. Engineering","4540005879","Purcahse Order ZSER","26,100.00","30,798.00 Cr","","","","2,349.00 Dr","2,349.00 Dr","","","","","","","","","","","","","","","","","","","",""
"29 Aug 2023","0000031517-VB Interior & Constructions","0000031517-VB Interior & Constructions","4540005880","Purcahse Order ZSER","30,000.00","65,400.00 Cr","","","","2,700.00 Dr","2,700.00 Dr","","","","","","","","","","","","","","","","","","","",""
"30 Aug 2023","0000011990-TAPAIR ENGINEERING PVT. LTD","0000011990-TAPAIR ENGINEERING PVT. LTD","4500003621","Purcahse Order ZSPR","1,07,059.50","2,33,389.72 Cr","","","","9,635.36 Dr","9,635.36 Dr","","","","","","","","","","","","","","","","","","","",""
"30 Aug 2023","0000011099-Sri Electrotek","0000011099-Sri Electrotek","4500003622","Purcahse Order ZSPR","6,516.00","7,688.88 Cr","","","","586.44 Dr","586.44 Dr","","","","","","","","","","","","","","","","","","","",""
"30 Aug 2023","0000030513-Sunil","0000030513-Sunil","4540005881","Purcahse Order ZSER","6,87,139.06","7,96,015.48 Cr","","","","54,438.21 Dr","54,438.21 Dr","","","","","","","","","","","","","","","","","","","",""
"30 Aug 2023","0000031132-Safety Links","0000031132-Safety Links","4540005882","Purcahse Order ZSER","15,200.00","19,116.00 Cr","","","","1,368.00 Dr","1,368.00 Dr","","","","","","","","","","","","","","","","","","","",""
"30 Aug 2023","0000012085-Q9 & Qc Calibration","0000012085-Q9 & Qc Calibration","4540005884","Purcahse Order ZSER","9,500.00","19,000.00 Cr","","","","","","","","","","","","","","","","","","","","","","","","",""
"31 Aug 2023","0000010395-KASA ANLAGEN INDIA PVT LTD","0000010395-KASA ANLAGEN INDIA PVT LTD","4540005885","Purcahse Order ZSER","11,000.00","12,980.00 Cr","","","","990.00 Dr","990.00 Dr","","","","","","","","","","","","","","","","","","","",""
"31 Aug 2023","0000030156-Y. Kanchana","0000030156-Y. Kanchana","4540005886","Purcahse Order ZSER","1,11,628.93","1,31,722.13 Cr","","","","10,046.60 Dr","10,046.60 Dr","","","","","","","","","","","","","","","","","","","",""
"31 Aug 2023","0000030876-Power Tech Electrical Engineering","0000030876-Power Tech Electrical Engineering","4540005887","Purcahse Order ZSER","80,000.00","94,400.00 Cr","","","","7,200.00 Dr","7,200.00 Dr","","","","","","","","","","","","","","","","","","","",""
"01 Sept 2023","0000011197-Roots Multiclean Limited","0000011197-Roots Multiclean Limited","4500003623","Purcahse Order ZSPR","35,519.15","42,781.09 Cr","","","","3,630.97 Dr","3,630.97 Dr","","","","","","","","","","","","","","","","","","","",""
"01 Sept 2023","0000031128-Jaaji Software Technologies Pvt.Ltd","0000031128-Jaaji Software Technologies Pvt.Ltd","4540005888","Purcahse Order ZSER","1,70,000.00","2,00,600.00 Cr","","30,600.00 Dr","","","","","","","","","","","","","","","","","","","","","","",""
"01 Sept 2023","0000030047-G.RAVI","0000030047-G.RAVI","4540005889","Purcahse Order ZSER","57,489.60","57,489.60 Cr","","","","","","","","","","","","","","","","","","","","","","","","",""
"01 Sept 2023","0000060124-Rugmini Travels","0000060124-Rugmini Travels","4540005890","Purcahse Order ZSER","9,400.00","9,400.00 Cr","","","","","","","","","","","","","","","","","","","","","","","","",""
"01 Sept 2023","0000011538-Krishna Enterprises","0000011538-Krishna Enterprises","4540005891","Purcahse Order ZSER","65,000.00","76,700.00 Cr","","","","5,850.00 Dr","5,850.00 Dr","","","","","","","","","","","","","","","","","","","",""
"01 Sept 2023","0000031523-SGURRENERGY PRIVATE LTD","0000031523-SGURRENERGY PRIVATE LTD","4540005892","Purcahse Order ZSER","13,12,500.00","26,25,000.00 Cr","","","","","","","","","","","","","","","","","","","","","","","","",""
"02 Sept 2023","0000010214-Sri Ambaajee Electricals","0000010214-Sri Ambaajee Electricals","4500003624","Purcahse Order ZSPR","24,600.00","31,488.00 Cr","","","","3,444.00 Dr","3,444.00 Dr","","","","","","","","","","","","","","","","","","","",""
"02 Sept 2023","0000012003-VEL  PHARMACY","0000012003-VEL  PHARMACY","4510001739","Purcahse Order ZCON","63,513.90","1,34,649.50 Cr","","","","3,810.85 Dr","3,810.85 Dr","","","","","","","","","","","","","","","","","","","",""
"02 Sept 2023","0000011990-TAPAIR ENGINEERING PVT. LTD","0000011990-TAPAIR ENGINEERING PVT. LTD","4510001740","Purcahse Order ZCON","1,26,184.00","2,75,081.12 Cr","","","","11,356.56 Dr","11,356.56 Dr","","","","","","","","","","","","","","","","","","","",""
"02 Sept 2023","0000031513-LAXMAN CONSULTANCY AND SERVICES","0000031513-LAXMAN CONSULTANCY AND SERVICES","4540005893","Purcahse Order ZSER","70,000.00","1,52,600.00 Cr","","12,600.00 Dr","","","","","","","","","","","","","","","","","","","","","","",""
"02 Sept 2023","0000031429-VAGJRA HOTLINE POWER SER PVT LTD","0000031429-VAGJRA HOTLINE POWER SER PVT LTD","4540005894","Purcahse Order ZSER","42,16,000.00","91,90,880.00 Cr","","7,58,880.00 Dr","","","","","","","","","","","","","","","","","","","","","","",""
"02 Sept 2023","0000090024-A & A International Trading Pvt. Lt","0000090024-A & A International Trading Pvt. Lt","4600001085","Purcahse Order ZCOL","1,20,00,000.00","1,34,00,000.00 Cr","1,20,00,000.00 Dr","","8,00,000.00 Dr","3,00,000.00 Dr","3,00,000.00 Dr","","","","","","","","","","","","","","","","","","","",""
"04 Sept 2023","0000011137-Shabbir Tools Mart","0000011137-Shabbir Tools Mart","4500003625","Purcahse Order ZSPR","8,980.00","10,596.42 Cr","","","","808.21 Dr","808.21 Dr","","","","","","","","","","","","","","","","","","","",""
"04 Sept 2023","0000010011-Aerotech Energy Pvt.Ltd","0000010011-Aerotech Energy Pvt.Ltd","4500003626","Purcahse Order ZSPR","51,750.00","61,065.00 Cr","","9,315.00 Dr","","","","","","","","","","","","","","","","","","","","","","",""
"04 Sept 2023","0000010347-Total Maintenance Solutions","0000010347-Total Maintenance Solutions","4500003627","Purcahse Order ZSPR","1,672.00","1,972.96 Cr","","","","150.48 Dr","150.48 Dr","","","","","","","","","","","","","","","","","","","",""
"04 Sept 2023","0000030876-Power Tech Electrical Engineering","0000030876-Power Tech Electrical Engineering","4500003628","Purcahse Order ZSPR","12,810.00","15,115.80 Cr","","","","1,152.90 Dr","1,152.90 Dr","","","","","","","","","","","","","","","","","","","",""
"04 Sept 2023","0000010570-Goodwill Engineering Company","0000010570-Goodwill Engineering Company","4500003629","Purcahse Order ZSPR","34,860.00","41,134.80 Cr","","","","3,137.40 Dr","3,137.40 Dr","","","","","","","","","","","","","","","","","","","",""
"04 Sept 2023","0000011085-Kalpvruksh Office Automation India","0000011085-Kalpvruksh Office Automation India","4500003630","Purcahse Order ZSPR","12,000.00","14,160.00 Cr","","","","1,080.00 Dr","1,080.00 Dr","","","","","","","","","","","","","","","","","","","",""
"04 Sept 2023","0000010570-Goodwill Engineering Company","0000010570-Goodwill Engineering Company","4500003631","Purcahse Order ZSPR","53,566.00","61,134.28 Cr","","","","3,784.14 Dr","3,784.14 Dr","","","","","","","","","","","","","","","","","","","",""
"04 Sept 2023","0000011892-INTAS AUTOMATIONS","0000011892-INTAS AUTOMATIONS","4500003632","Purcahse Order ZSPR","10,460.00","12,342.80 Cr","","","","941.40 Dr","941.40 Dr","","","","","","","","","","","","","","","","","","","",""
"04 Sept 2023","0000010570-Goodwill Engineering Company","0000010570-Goodwill Engineering Company","4510001741","Purcahse Order ZCON","5,275.00","6,224.50 Cr","","","","474.75 Dr","474.75 Dr","","","","","","","","","","","","","","","","","","","",""
"04 Sept 2023","0000010103-J.K.T Electricals","0000010103-J.K.T Electricals","4510001742","Purcahse Order ZCON","4,600.00","5,428.00 Cr","","","","414.00 Dr","414.00 Dr","","","","","","","","","","","","","","","","","","","",""
"04 Sept 2023","0000030745-Sri Arunachalaswarar Engineering","0000030745-Sri Arunachalaswarar Engineering","4540005895","Purcahse Order ZSER","11,411.00","13,464.98 Cr","","","","1,026.99 Dr","1,026.99 Dr","","","","","","","","","","","","","","","","","","","",""
"04 Sept 2023","0000011496-TN Oxygen Private Limited","0000011496-TN Oxygen Private Limited","4540005896","Purcahse Order ZSER","3,130.00","3,693.40 Cr","","","","281.70 Dr","281.70 Dr","","","","","","","","","","","","","","","","","","","",""
"04 Sept 2023","0000030040-Emaar Electricals","0000030040-Emaar Electricals","4540005897","Purcahse Order ZSER","36,000.00","42,480.00 Cr","","","","3,240.00 Dr","3,240.00 Dr","","","","","","","","","","","","","","","","","","","",""
"04 Sept 2023","","","4610002001","Purcahse Order ZSTO","0.00","0.00 Cr","","","","","","","","","","","","","","","","","","","","","","","","",""
"04 Sept 2023","","","4610002002","Purcahse Order ZSTO","0.00","0.00 Cr","","","","","","","","","","","","","","","","","","","","","","","","",""
"04 Sept 2023","","","4610002003","Purcahse Order ZSTO","0.00","0.00 Cr","","","","","","","","","","","","","","","","","","","","","","","","",""
"04 Sept 2023","","","4610002004","Purcahse Order ZSTO","0.00","0.00 Cr","","","","","","","","","","","","","","","","","","","","","","","","",""
"04 Sept 2023","","","4610002005","Purcahse Order ZSTO","0.00","0.00 Cr","","","","","","","","","","","","","","","","","","","","","","","","",""
"04 Sept 2023","","","4610002006","Purcahse Order ZSTO","0.00","0.00 Cr","","","","","","","","","","","","","","","","","","","","","","","","",""
"04 Sept 2023","","","4610002007","Purcahse Order ZSTO","0.00","0.00 Cr","","","","","","","","","","","","","","","","","","","","","","","","",""
"04 Sept 2023","","","4610002008","Purcahse Order ZSTO","0.00","0.00 Cr","","","","","","","","","","","","","","","","","","","","","","","","",""
"04 Sept 2023","","","4610002009","Purcahse Order ZSTO","0.00","0.00 Cr","","","","","","","","","","","","","","","","","","","","","","","","",""
"04 Sept 2023","","","4610002010","Purcahse Order ZSTO","0.00","0.00 Cr","","","","","","","","","","","","","","","","","","","","","","","","",""
"05 Sept 2023","0000011139-V.I.P. Industries Ltd","0000011139-V.I.P. Industries Ltd","4520000943","Purcahse Order ZDOM","9,01,694.40","10,63,999.40 Cr","","","","81,152.50 Dr","81,152.50 Dr","","","","","","","","","","","","","","","","","","","",""
"06 Sept 2023","0000010214-Sri Ambaajee Electricals","0000010214-Sri Ambaajee Electricals","4500003633","Purcahse Order ZSPR","24,600.00","31,488.00 Cr","","","","3,444.00 Dr","3,444.00 Dr","","","","","","","","","","","","","","","","","","","",""
"06 Sept 2023","0000010053-Durag India Instrumentation Pvt Ltd","0000010053-Durag India Instrumentation Pvt Ltd","4500003634","Purcahse Order ZSPR","3,29,000.00","3,88,220.00 Cr","","59,220.00 Dr","","","","","","","","","","","","","","","","","","","","","","",""
"06 Sept 2023","0000010103-J.K.T Electricals","0000010103-J.K.T Electricals","4500003635","Purcahse Order ZSPR","14,400.00","16,992.00 Cr","","","","1,296.00 Dr","1,296.00 Dr","","","","","","","","","","","","","","","","","","","",""
"06 Sept 2023","0000011505-Shri Sai Agro Enterprises","0000011505-Shri Sai Agro Enterprises","4510001743","Purcahse Order ZCON","43,525.44","50,840.02 Cr","","","","3,657.29 Dr","3,657.29 Dr","","","","","","","","","","","","","","","","","","","",""
"07 Sept 2023","0000010425-ABB India Limited","0000010425-ABB India Limited","4500003636","Purcahse Order ZSPR","4,31,033.10","5,08,619.05 Cr","","77,585.95 Dr","","","","","","","","","","","","","","","","","","","","","","",""
"07 Sept 2023","0000012090-DEVI INDUSTRIAL GASES","0000012090-DEVI INDUSTRIAL GASES","4510001744","Purcahse Order ZCON","13,440.00","33,429.20 Cr","","","","1,209.60 Dr","1,209.60 Dr","","","","","","","","","","","","","","","","","","","",""
"07 Sept 2023","0000030876-Power Tech Electrical Engineering","0000030876-Power Tech Electrical Engineering","4540005898","Purcahse Order ZSER","1,64,467.00","1,94,071.06 Cr","","","","14,802.03 Dr","14,802.03 Dr","","","","","","","","","","","","","","","","","","","",""
"07 Sept 2023","0000012098-Adani Enterprises Ltd.","0000012098-Adani Enterprises Ltd.","4600001087","Purcahse Order ZCOL","5,27,50,000.00","5,93,87,500.00 Cr","5,27,50,000.00 Dr","26,37,500.00 Dr","40,00,000.00 Dr","","","","","","","","","","","","","","","","","","","","","",""
"07 Sept 2023","0000012099-Adani Enterprises Ltd.","0000012099-Adani Enterprises Ltd.","4600001089","Purcahse Order ZCOL","9,34,87,500.00","10,35,61,875.00 Cr","9,34,87,500.00 Dr","46,74,375.00 Dr","54,00,000.00 Dr","","","","","","","","","","","","","","","","","","","","","",""
"07 Sept 2023","0000012098-Adani Enterprises Ltd.","0000012098-Adani Enterprises Ltd.","4600001090","Purcahse Order ZCOL","3,35,00,000.00","3,71,75,000.00 Cr","3,35,00,000.00 Dr","16,75,000.00 Dr","20,00,000.00 Dr","","","","","","","","","","","","","","","","","","","","","",""
"08 Sept 2023","0000010323-Basic Engineers & Traders","0000010323-Basic Engineers & Traders","4500003620","Purcahse Order ZSPR","39,856.00","47,030.08 Cr","","","","3,587.04 Dr","3,587.04 Dr","","","","","","","","","","","","","","","","","","","",""
"08 Sept 2023","0000011120-ILP Safety & Security Services Pvt","0000011120-ILP Safety & Security Services Pvt","4520000944","Purcahse Order ZDOM","1,63,125.00","1,72,856.28 Cr","","","","4,078.14 Dr","4,078.14 Dr","","","","","","","","","","","","","","","","","","","",""
"08 Sept 2023","0000012097-SMART MACHINING SERVICE","0000012097-SMART MACHINING SERVICE","4540005899","Purcahse Order ZSER","1,15,000.00","2,50,700.00 Cr","","","","10,350.00 Dr","10,350.00 Dr","","","","","","","","","","","","","","","","","","","",""
"11 Sept 2023","0000010712-H.M Industrial Suppliers","0000010712-H.M Industrial Suppliers","4500003637","Purcahse Order ZSPR","25,100.00","32,568.00 Cr","","","","2,259.00 Dr","2,259.00 Dr","","","","","","","","","","","","","","","","","","","",""
"11 Sept 2023","0000010103-J.K.T Electricals","0000010103-J.K.T Electricals","4510001745","Purcahse Order ZCON","11,250.00","13,275.00 Cr","","","","1,012.50 Dr","1,012.50 Dr","","","","","","","","","","","","","","","","","","","",""
"11 Sept 2023","0000012106-AGARWAL COAL CORPORATION PVT LTD.","0000012106-AGARWAL COAL CORPORATION PVT LTD.","4600001091","Purcahse Order ZCOL","8,55,00,000.00","9,57,75,000.00 Cr","8,55,00,000.00 Dr","","60,00,000.00 Dr","21,37,500.00 Dr","21,37,500.00 Dr","","","","","","","","","","","","","","","","","","","",""
"11 Sept 2023","0000012104-Balaji Malts Private Ltd.","0000012104-Balaji Malts Private Ltd.","4600001092","Purcahse Order ZCOL","14,31,25,000.00","16,02,81,250.00 Cr","14,31,25,000.00 Dr","","1,00,00,000.00 Dr","35,78,125.00 Dr","35,78,125.00 Dr","","","","","","","","","","","","","","","","","","","",""
"12 Sept 2023","0000031134-Nikaki Gears & Spares","0000031134-Nikaki Gears & Spares","4500003638","Purcahse Order ZSPR","4,46,900.00","5,27,342.00 Cr","","","","40,221.00 Dr","40,221.00 Dr","","","","","","","","","","","","","","","","","","","",""
"12 Sept 2023","0000010644-IPA Private Limited","0000010644-IPA Private Limited","4530001051","Purcahse Order ZASS","2,46,500.00","2,96,870.00 Cr","","44,370.00 Dr","","","","","","","","","","","","","","","","","","","","","","",""
"12 Sept 2023","0000031142-Archer Integrated Services Pvt.Ltd.","0000031142-Archer Integrated Services Pvt.Ltd.","4540005900","Purcahse Order ZSER","20,700.00","21,735.00 Cr","","","","517.50 Dr","517.50 Dr","","","","","","","","","","","","","","","","","","","",""
"12 Sept 2023","0000012067-SCAN CONSTRUCTION","0000012067-SCAN CONSTRUCTION","4540005901","Purcahse Order ZSER","95,000.00","1,12,100.00 Cr","","","","8,550.00 Dr","8,550.00 Dr","","","","","","","","","","","","","","","","","","","",""
"12 Sept 2023","0000030876-Power Tech Electrical Engineering","0000030876-Power Tech Electrical Engineering","4540005902","Purcahse Order ZSER","87,000.00","1,02,660.00 Cr","","","","7,830.00 Dr","7,830.00 Dr","","","","","","","","","","","","","","","","","","","",""
"12 Sept 2023","0000031142-Archer Integrated Services Pvt.Ltd.","0000031142-Archer Integrated Services Pvt.Ltd.","4540005903","Purcahse Order ZSER","28,800.00","30,240.00 Cr","","","","720.00 Dr","720.00 Dr","","","","","","","","","","","","","","","","","","","",""
"13 Sept 2023","0000010936-Ideatec Softwares (India) Pvt Ltd","0000010936-Ideatec Softwares (India) Pvt Ltd","4530001052","Purcahse Order ZASS","11,75,000.00","13,86,500.00 Cr","","","","1,05,750.00 Dr","1,05,750.00 Dr","","","","","","","","","","","","","","","","","","","",""
"13 Sept 2023","0000030480-Le Raj Courtyard","0000030480-Le Raj Courtyard","4540005904","Purcahse Order ZSER","2,542.00","2,818.00 Cr","","","","138.00 Dr","138.00 Dr","","","","","","","","","","","","","","","","","","","",""
"13 Sept 2023","","","4610002011","Purcahse Order ZSTO","0.00","0.00 Cr","","","","","","","","","","","","","","","","","","","","","","","","",""
"14 Sept 2023","0000030919-Rotomatrix Reliability Solutions Pv","0000030919-Rotomatrix Reliability Solutions Pv","4500003639","Purcahse Order ZSPR","17,500.00","20,650.00 Cr","","","","1,575.00 Dr","1,575.00 Dr","","","","","","","","","","","","","","","","","","","",""
"14 Sept 2023","0000011266-Sysco Piping Solutions Inc","0000011266-Sysco Piping Solutions Inc","4500003640","Purcahse Order ZSPR","78,424.00","1,06,494.64 Cr","","28,070.64 Dr","","","","","","","","","","","","","","","","","","","","","","",""
"14 Sept 2023","0000011892-INTAS AUTOMATIONS","0000011892-INTAS AUTOMATIONS","4500003641","Purcahse Order ZSPR","24,850.00","29,323.00 Cr","","","","2,236.50 Dr","2,236.50 Dr","","","","","","","","","","","","","","","","","","","",""
"14 Sept 2023","0000010046-Clyde Bergemann India Pvt Ltd","0000010046-Clyde Bergemann India Pvt Ltd","4500003642","Purcahse Order ZSPR","1,80,000.00","2,12,400.00 Cr","","32,400.00 Dr","","","","","","","","","","","","","","","","","","","","","","",""
"14 Sept 2023","0000011024-Merrick Industries Pvt Ltd","0000011024-Merrick Industries Pvt Ltd","4500003643","Purcahse Order ZSPR","3,26,000.00","3,84,680.00 Cr","","58,680.00 Dr","","","","","","","","","","","","","","","","","","","","","","",""
"14 Sept 2023","0000011401-See Automation & Engineers","0000011401-See Automation & Engineers","4500003644","Purcahse Order ZSPR","2,36,854.00","2,81,257.72 Cr","","42,633.72 Dr","","","","","","","","","","","","","","","","","","","","","","",""
"14 Sept 2023","0000030485-MARS Pest Management Systems (I) Pv","0000030485-MARS Pest Management Systems (I) Pv","4540005905","Purcahse Order ZSER","5,100.00","6,018.00 Cr","","","","459.00 Dr","459.00 Dr","","","","","","","","","","","","","","","","","","","",""
"14 Sept 2023","0000030060-J.S.R Enterprises","0000030060-J.S.R Enterprises","4540005906","Purcahse Order ZSER","83,002.65","97,943.13 Cr","","","","7,470.24 Dr","7,470.24 Dr","","","","","","","","","","","","","","","","","","","",""
"14 Sept 2023","0000030083-NICCO ENGINEERING SERVICES LTD","0000030083-NICCO ENGINEERING SERVICES LTD","4540005907","Purcahse Order ZSER","23,000.00","27,140.00 Cr","","","","2,070.00 Dr","2,070.00 Dr","","","","","","","","","","","","","","","","","","","",""
"14 Sept 2023","0000011538-Krishna Enterprises","0000011538-Krishna Enterprises","4540005908","Purcahse Order ZSER","4,58,523.00","5,41,057.14 Cr","","","","41,267.07 Dr","41,267.07 Dr","","","","","","","","","","","","","","","","","","","",""
"14 Sept 2023","0000090024-A & A International Trading Pvt. Lt","0000090024-A & A International Trading Pvt. Lt","4600001093","Purcahse Order ZCOL","60,00,000.00","67,00,000.00 Cr","60,00,000.00 Dr","","4,00,000.00 Dr","1,50,000.00 Dr","1,50,000.00 Dr","","","","","","","","","","","","","","","","","","","",""
"15 Sept 2023","0000012111-CAC INDIA","0000012111-CAC INDIA","4500003645","Purcahse Order ZSPR","82,140.00","1,79,065.20 Cr","","","","7,392.60 Dr","7,392.60 Dr","","","","","","","","","","","","","","","","","","","",""
"15 Sept 2023","0000010538-Bharat Heavy Electricals Ltd","0000010538-Bharat Heavy Electricals Ltd","4500003646","Purcahse Order ZSPR","1,97,828.64","2,33,437.80 Cr","","35,609.16 Dr","","","","","","","","","","","","","","","","","","","","","","",""
"15 Sept 2023","0000010042-Choice Solutions Limited","0000010042-Choice Solutions Limited","4500003647","Purcahse Order ZSPR","22,638.00","26,712.84 Cr","","","","2,037.42 Dr","2,037.42 Dr","","","","","","","","","","","","","","","","","","","",""
"15 Sept 2023","0000010570-Goodwill Engineering Company","0000010570-Goodwill Engineering Company","4500003648","Purcahse Order ZSPR","65,000.00","76,700.00 Cr","","","","5,850.00 Dr","5,850.00 Dr","","","","","","","","","","","","","","","","","","","",""
"15 Sept 2023","0000010063-Fluidline Systems & Controls Pvt Lt","0000010063-Fluidline Systems & Controls Pvt Lt","4500003649","Purcahse Order ZSPR","26,010.00","30,691.80 Cr","","","","2,340.90 Dr","2,340.90 Dr","","","","","","","","","","","","","","","","","","","",""
"15 Sept 2023","0000010531-Microtek Technologies","0000010531-Microtek Technologies","4510001746","Purcahse Order ZCON","1,24,763.00","1,17,717.56 Cr","","","","7,485.78 Dr","7,485.78 Dr","","","","","","","","","","","","","","","","","","","",""
"15 Sept 2023","0000011006-Madura Tarpaulin Mfg. Co.","0000011006-Madura Tarpaulin Mfg. Co.","4510001747","Purcahse Order ZCON","2,55,240.00","2,70,627.00 Cr","","","","7,693.50 Dr","7,693.50 Dr","","","","","","","","","","","","","","","","","","","",""
"15 Sept 2023","0000012076-SHREE ELECTRICALS & CONTROLS","0000012076-SHREE ELECTRICALS & CONTROLS","4510001748","Purcahse Order ZCON","14,500.00","31,610.00 Cr","","2,610.00 Dr","","","","","","","","","","","","","","","","","","","","","","",""
"15 Sept 2023","0000010075-Giri Brothers","0000010075-Giri Brothers","4530001053","Purcahse Order ZASS","6,50,000.00","7,67,000.00 Cr","","","","58,500.00 Dr","58,500.00 Dr","","","","","","","","","","","","","","","","","","","",""
"15 Sept 2023","0000012098-Adani Enterprises Ltd.","0000012098-Adani Enterprises Ltd.","4600001094","Purcahse Order ZCOL","33,27,50,000.00","37,13,87,500.00 Cr","33,27,50,000.00 Dr","1,66,37,500.00 Dr","2,20,00,000.00 Dr","","","","","","","","","","","","","","","","","","","","","",""
"15 Sept 2023","0000010978-Solvex Renewables and Green Energy","0000010978-Solvex Renewables and Green Energy","4600001095","Purcahse Order ZSCF","69,40,000.00","81,89,200.00 Cr","","","","6,24,600.00 Dr","6,24,600.00 Dr","","","","","","","","","","","","","","","","","","","",""
"15 Sept 2023","","","4610002012","Purcahse Order ZSTO","0.00","0.00 Cr","","","","","","","","","","","","","","","","","","","","","","","","",""
"16 Sept 2023","0000011396-Cira Technology","0000011396-Cira Technology","4500003650","Purcahse Order ZSPR","2,40,500.00","2,83,790.00 Cr","","43,290.00 Dr","","","","","","","","","","","","","","","","","","","","","","",""
"16 Sept 2023","0000012114-AARNA LUBE PRIVATE LIMITED","0000012114-AARNA LUBE PRIVATE LIMITED","4510001749","Purcahse Order ZCON","4,728.00","10,046.00 Cr","","","","","","","","","","","","","","","","","","","","","","","","",""
"16 Sept 2023","0000011600-SHIWA UNIFORMS","0000011600-SHIWA UNIFORMS","4520000945","Purcahse Order ZDOM","1,93,740.00","3,97,167.02 Cr","","","","4,843.51 Dr","4,843.51 Dr","","","","","","","","","","","","","","","","","","","",""
"16 Sept 2023","0000012117-DELTA LEONIS BUILDING SOLUTIONS","0000012117-DELTA LEONIS BUILDING SOLUTIONS","4530001055","Purcahse Order ZASS","9,10,432.50","19,36,825.40 Cr","","","","81,938.95 Dr","81,938.95 Dr","","","","","","","","","","","","","","","","","","","",""
"16 Sept 2023","0000090024-A & A International Trading Pvt. Lt","0000090024-A & A International Trading Pvt. Lt","4600001096","Purcahse Order ZCOL","41,88,750.00","46,98,187.50 Cr","41,88,750.00 Dr","","3,00,000.00 Dr","1,04,718.75 Dr","1,04,718.75 Dr","","","","","","","","","","","","","","","","","","","",""
"19 Sept 2023","0000011607-SNK Rolling Bearing","0000011607-SNK Rolling Bearing","4500003651","Purcahse Order ZSPR","88,312.00","1,92,520.16 Cr","","15,896.16 Dr","","","","","","","","","","","","","","","","","","","","","","",""
"19 Sept 2023","0000011082-Royal Dot","0000011082-Royal Dot","4520000946","Purcahse Order ZDOM","22,210.00","26,207.80 Cr","","","","1,998.90 Dr","1,998.90 Dr","","","","","","","","","","","","","","","","","","","",""
"19 Sept 2023","0000012119-Siyaram Enterprises","0000012119-Siyaram Enterprises","4520000947","Purcahse Order ZDOM","35,031.30","75,688.28 Cr","","","","2,812.84 Dr","2,812.84 Dr","","","","","","","","","","","","","","","","","","","",""
"19 Sept 2023","0000010716-ENERG TEKH","0000010716-ENERG TEKH","4530001056","Purcahse Order ZASS","58,50,000.00","69,03,000.00 Cr","","","","5,26,500.00 Dr","5,26,500.00 Dr","","","","","","","","","","","","","","","","","","","",""
"19 Sept 2023","0000011905-Sanjay Deep & Associates","0000011905-Sanjay Deep & Associates","4540005909","Purcahse Order ZSER","1,76,000.00","2,07,680.00 Cr","","31,680.00 Dr","","","","","","","","","","","","","","","","","","","","","","",""
"19 Sept 2023","","","4610002013","Purcahse Order ZSTO","0.00","0.00 Cr","","","","","","","","","","","","","","","","","","","","","","","","",""
"19 Sept 2023","","","4610002014","Purcahse Order ZSTO","0.00","0.00 Cr","","","","","","","","","","","","","","","","","","","","","","","","",""
"19 Sept 2023","","","4610002015","Purcahse Order ZSTO","0.00","0.00 Cr","","","","","","","","","","","","","","","","","","","","","","","","",""
"19 Sept 2023","","","4610002016","Purcahse Order ZSTO","0.00","0.00 Cr","","","","","","","","","","","","","","","","","","","","","","","","",""
"19 Sept 2023","","","4610002017","Purcahse Order ZSTO","0.00","0.00 Cr","","","","","","","","","","","","","","","","","","","","","","","","",""
"19 Sept 2023","","","4610002018","Purcahse Order ZSTO","0.00","0.00 Cr","","","","","","","","","","","","","","","","","","","","","","","","",""
"19 Sept 2023","","","4610002019","Purcahse Order ZSTO","0.00","0.00 Cr","","","","","","","","","","","","","","","","","","","","","","","","",""
"19 Sept 2023","","","4610002020","Purcahse Order ZSTO","0.00","0.00 Cr","","","","","","","","","","","","","","","","","","","","","","","","",""
"19 Sept 2023","","","4610002021","Purcahse Order ZSTO","0.00","0.00 Cr","","","","","","","","","","","","","","","","","","","","","","","","",""
"19 Sept 2023","","","4610002022","Purcahse Order ZSTO","0.00","0.00 Cr","","","","","","","","","","","","","","","","","","","","","","","","",""
"19 Sept 2023","","","4610002023","Purcahse Order ZSTO","0.00","0.00 Cr","","","","","","","","","","","","","","","","","","","","","","","","",""
"19 Sept 2023","","","4610002024","Purcahse Order ZSTO","0.00","0.00 Cr","","","","","","","","","","","","","","","","","","","","","","","","",""
"19 Sept 2023","","","4610002025","Purcahse Order ZSTO","0.00","0.00 Cr","","","","","","","","","","","","","","","","","","","","","","","","",""
"19 Sept 2023","","","4610002026","Purcahse Order ZSTO","0.00","0.00 Cr","","","","","","","","","","","","","","","","","","","","","","","","",""
"19 Sept 2023","","","4610002027","Purcahse Order ZSTO","0.00","0.00 Cr","","","","","","","","","","","","","","","","","","","","","","","","",""
"19 Sept 2023","","","4610002028","Purcahse Order ZSTO","0.00","0.00 Cr","","","","","","","","","","","","","","","","","","","","","","","","",""
"19 Sept 2023","","","4610002029","Purcahse Order ZSTO","0.00","0.00 Cr","","","","","","","","","","","","","","","","","","","","","","","","",""
"19 Sept 2023","","","4610002030","Purcahse Order ZSTO","0.00","0.00 Cr","","","","","","","","","","","","","","","","","","","","","","","","",""
"19 Sept 2023","","","4610002031","Purcahse Order ZSTO","0.00","0.00 Cr","","","","","","","","","","","","","","","","","","","","","","","","",""
"19 Sept 2023","","","4610002032","Purcahse Order ZSTO","0.00","0.00 Cr","","","","","","","","","","","","","","","","","","","","","","","","",""
"19 Sept 2023","","","4610002033","Purcahse Order ZSTO","0.00","0.00 Cr","","","","","","","","","","","","","","","","","","","","","","","","",""
"19 Sept 2023","","","4610002034","Purcahse Order ZSTO","0.00","0.00 Cr","","","","","","","","","","","","","","","","","","","","","","","","",""
"19 Sept 2023","","","4610002035","Purcahse Order ZSTO","0.00","0.00 Cr","","","","","","","","","","","","","","","","","","","","","","","","",""
"19 Sept 2023","","","4610002036","Purcahse Order ZSTO","0.00","0.00 Cr","","","","","","","","","","","","","","","","","","","","","","","","",""
"19 Sept 2023","","","4610002037","Purcahse Order ZSTO","0.00","0.00 Cr","","","","","","","","","","","","","","","","","","","","","","","","",""
"19 Sept 2023","","","4610002038","Purcahse Order ZSTO","0.00","0.00 Cr","","","","","","","","","","","","","","","","","","","","","","","","",""
"19 Sept 2023","","","4610002039","Purcahse Order ZSTO","0.00","0.00 Cr","","","","","","","","","","","","","","","","","","","","","","","","",""
"19 Sept 2023","","","4610002040","Purcahse Order ZSTO","0.00","0.00 Cr","","","","","","","","","","","","","","","","","","","","","","","","",""
"19 Sept 2023","","","4610002041","Purcahse Order ZSTO","0.00","0.00 Cr","","","","","","","","","","","","","","","","","","","","","","","","",""
"19 Sept 2023","","","4610002042","Purcahse Order ZSTO","0.00","0.00 Cr","","","","","","","","","","","","","","","","","","","","","","","","",""
"20 Sept 2023","0000010133-MACAWBER BEEKAY PVT LTD","0000010133-MACAWBER BEEKAY PVT LTD","4500003652","Purcahse Order ZSPR","35,431.20","42,872.02 Cr","","6,377.62 Dr","","","","","","","","","","","","","","","","","","","","","","",""
"20 Sept 2023","0000031508-GLOBAL ENVIROTRONICS","0000031508-GLOBAL ENVIROTRONICS","4500003653","Purcahse Order ZSPR","45,080.00","98,274.40 Cr","","","","4,057.20 Dr","4,057.20 Dr","","","","","","","","","","","","","","","","","","","",""
"20 Sept 2023","0000010038-Chemline Marketing Services","0000010038-Chemline Marketing Services","4510001750","Purcahse Order ZCON","78,504.00","92,634.72 Cr","","","","7,065.36 Dr","7,065.36 Dr","","","","","","","","","","","","","","","","","","","",""
"20 Sept 2023","0000012118-Sempertrans india private Limited","0000012118-Sempertrans india private Limited","4530001057","Purcahse Order ZASS","31,00,036.80","57,46,120.22 Cr","","5,58,006.62 Dr","","","","","","","","","","","","","","","","","","","","","","",""
"20 Sept 2023","0000090131-Devendran Coal International Pvt.Lt","0000090131-Devendran Coal International Pvt.Lt","4600001097","Purcahse Order ZCOL","8,05,35,000.00","9,05,61,750.00 Cr","8,05,35,000.00 Dr","","60,00,000.00 Dr","20,13,375.00 Dr","20,13,375.00 Dr","","","","","","","","","","","","","","","","","","","",""
"21 Sept 2023","0000010159-P & G Enterprises","0000010159-P & G Enterprises","4510001751","Purcahse Order ZCON","3,63,720.00","4,29,189.60 Cr","","","","32,734.80 Dr","32,734.80 Dr","","","","","","","","","","","","","","","","","","","",""
"21 Sept 2023","0000011359-KAYALVIZHII ENTERPRISES","0000011359-KAYALVIZHII ENTERPRISES","4510001752","Purcahse Order ZCON","2,60,694.00","3,07,618.92 Cr","","","","23,462.46 Dr","23,462.46 Dr","","","","","","","","","","","","","","","","","","","",""
"21 Sept 2023","0000012112-IINVTY","0000012112-IINVTY","4540005910","Purcahse Order ZSER","18,000.00","41,010.00 Cr","","","","1,620.00 Dr","1,620.00 Dr","","","","","","","","","","","","","","","","","","","",""
"21 Sept 2023","0000011921-KEYAM EXPORTS","0000011921-KEYAM EXPORTS","4600001098","Purcahse Order ZCOL","5,07,01,000.00","5,60,36,050.00 Cr","5,07,01,000.00 Dr","","28,00,000.00 Dr","12,67,525.00 Dr","12,67,525.00 Dr","","","","","","","","","","","","","","","","","","","",""
"22 Sept 2023","0000010136-Madras Hardtools Agencies P Ltd","0000010136-Madras Hardtools Agencies P Ltd","4500003654","Purcahse Order ZSPR","1,71,485.00","2,02,352.30 Cr","","","","15,433.65 Dr","15,433.65 Dr","","","","","","","","","","","","","","","","","","","",""
"22 Sept 2023","0000010530-EagleBurgmann KE Pvt. Ltd","0000010530-EagleBurgmann KE Pvt. Ltd","4500003655","Purcahse Order ZSPR","3,51,200.00","4,14,416.00 Cr","","","","31,608.00 Dr","31,608.00 Dr","","","","","","","","","","","","","","","","","","","",""
"22 Sept 2023","0000090058-Falcon Industries","0000090058-Falcon Industries","4500003656","Purcahse Order ZSPR","3,17,500.00","3,74,650.00 Cr","","57,150.00 Dr","","","","","","","","","","","","","","","","","","","","","","",""
"22 Sept 2023","0000010570-Goodwill Engineering Company","0000010570-Goodwill Engineering Company","4500003657","Purcahse Order ZSPR","1,33,200.00","1,57,176.00 Cr","","","","11,988.00 Dr","11,988.00 Dr","","","","","","","","","","","","","","","","","","","",""
"22 Sept 2023","0000011973-RBC BEARINGS PRIVATE  LIMITED","0000011973-RBC BEARINGS PRIVATE  LIMITED","4500003658","Purcahse Order ZSPR","6,93,864.00","15,12,623.52 Cr","","","","62,447.76 Dr","62,447.76 Dr","","","","","","","","","","","","","","","","","","","",""
"22 Sept 2023","0000011027-Sparsh Pipes&Steels company","0000011027-Sparsh Pipes&Steels company","4500003659","Purcahse Order ZSPR","5,79,170.00","6,91,420.60 Cr","","","","52,125.30 Dr","52,125.30 Dr","","","","","","","","","","","","","","","","","","","",""
"22 Sept 2023","0000011137-Shabbir Tools Mart","0000011137-Shabbir Tools Mart","4500003660","Purcahse Order ZSPR","30,000.00","35,400.00 Cr","","","","2,700.00 Dr","2,700.00 Dr","","","","","","","","","","","","","","","","","","","",""
"22 Sept 2023","0000011428-Shaktiman Equipments Pvt.Ltd.","0000011428-Shaktiman Equipments Pvt.Ltd.","4500003661","Purcahse Order ZSPR","4,95,856.61","5,85,110.81 Cr","","","","44,627.10 Dr","44,627.10 Dr","","","","","","","","","","","","","","","","","","","",""
"22 Sept 2023","0000010869-Emerging Technology","0000010869-Emerging Technology","4500003662","Purcahse Order ZSPR","1,16,450.00","1,37,411.00 Cr","","","","10,480.50 Dr","10,480.50 Dr","","","","","","","","","","","","","","","","","","","",""
"22 Sept 2023","0000011152-Arya Omnitalk Wireless Solutions Pv","0000011152-Arya Omnitalk Wireless Solutions Pv","4500003663","Purcahse Order ZSPR","2,85,000.00","3,36,300.00 Cr","","51,300.00 Dr","","","","","","","","","","","","","","","","","","","","","","",""
"22 Sept 2023","0000010570-Goodwill Engineering Company","0000010570-Goodwill Engineering Company","4500003664","Purcahse Order ZSPR","25,080.00","29,594.40 Cr","","","","2,257.20 Dr","2,257.20 Dr","","","","","","","","","","","","","","","","","","","",""
"22 Sept 2023","0000011557-Supreme Mill Stores","0000011557-Supreme Mill Stores","4510001753","Purcahse Order ZCON","59,267.00","69,935.06 Cr","","","","5,334.03 Dr","5,334.03 Dr","","","","","","","","","","","","","","","","","","","",""
"22 Sept 2023","0000010070-Gee Gee Kay Pvt Ltd","0000010070-Gee Gee Kay Pvt Ltd","4510001754","Purcahse Order ZCON","93,000.00","1,09,740.00 Cr","","","","8,370.00 Dr","8,370.00 Dr","","","","","","","","","","","","","","","","","","","",""
"22 Sept 2023","0000010425-ABB India Limited","0000010425-ABB India Limited","4530001058","Purcahse Order ZASS","3,40,002.57","3,74,965.60 Cr","","61,200.46 Dr","","","","","","","","","","","","","","","","","","","","","","",""
"22 Sept 2023","0000030714-Ashok Cranes","0000030714-Ashok Cranes","4540005911","Purcahse Order ZSER","53,550.00","53,550.00 Cr","","","","","","","","","","","","","","","","","","","","","","","","",""
"22 Sept 2023","0000030571-Global EPC India Pvt Ltd","0000030571-Global EPC India Pvt Ltd","4540005912","Purcahse Order ZSER","13,70,000.00","16,16,600.00 Cr","","2,46,600.00 Dr","","","","","","","","","","","","","","","","","","","","","","",""
"22 Sept 2023","0000030040-Emaar Electricals","0000030040-Emaar Electricals","4540005913","Purcahse Order ZSER","33,000.00","38,940.00 Cr","","","","2,970.00 Dr","2,970.00 Dr","","","","","","","","","","","","","","","","","","","",""
"22 Sept 2023","0000010574-Inel Power System Engineers(P) Ltd","0000010574-Inel Power System Engineers(P) Ltd","4540005914","Purcahse Order ZSER","3,31,451.28","3,91,112.52 Cr","","","","29,830.62 Dr","29,830.62 Dr","","","","","","","","","","","","","","","","","","","",""
"22 Sept 2023","0000011473-Permaweld Private Limited","0000011473-Permaweld Private Limited","4540005915","Purcahse Order ZSER","1,48,800.00","1,75,584.00 Cr","","26,784.00 Dr","","","","","","","","","","","","","","","","","","","","","","",""
"23 Sept 2023","0000031124-Pak coolsystem","0000031124-Pak coolsystem","4540005916","Purcahse Order ZSER","34,235.00","40,397.30 Cr","","","","3,081.15 Dr","3,081.15 Dr","","","","","","","","","","","","","","","","","","","",""
"25 Sept 2023","0000030876-Power Tech Electrical Engineering","0000030876-Power Tech Electrical Engineering","4500003665","Purcahse Order ZSPR","1,69,000.00","1,99,420.00 Cr","","","","15,210.00 Dr","15,210.00 Dr","","","","","","","","","","","","","","","","","","","",""
"25 Sept 2023","0000010070-Gee Gee Kay Pvt Ltd","0000010070-Gee Gee Kay Pvt Ltd","4510001755","Purcahse Order ZCON","66,099.00","77,996.82 Cr","","","","5,948.91 Dr","5,948.91 Dr","","","","","","","","","","","","","","","","","","","",""
"25 Sept 2023","0000011388-RMS Office Mart","0000011388-RMS Office Mart","4520000948","Purcahse Order ZDOM","24,700.00","27,862.00 Cr","","","","1,581.00 Dr","1,581.00 Dr","","","","","","","","","","","","","","","","","","","",""
"25 Sept 2023","0000012016-REKHA DECOR","0000012016-REKHA DECOR","4520000949","Purcahse Order ZDOM","38,410.00","81,789.20 Cr","","","","2,484.60 Dr","2,484.60 Dr","","","","","","","","","","","","","","","","","","","",""
"25 Sept 2023","0000012122-MAGNA TRONIX","0000012122-MAGNA TRONIX","4530001059","Purcahse Order ZASS","4,40,000.00","9,59,200.00 Cr","","","","39,600.00 Dr","39,600.00 Dr","","","","","","","","","","","","","","","","","","","",""
"25 Sept 2023","0000030039-Elektromag Devices Private Limited","0000030039-Elektromag Devices Private Limited","4530001060","Purcahse Order ZASS","13,00,005.90","11,90,011.80 Cr","","","","","","","","","","","","","","","","","","","","","","","","",""
"25 Sept 2023","0000012126-ELENTECH ENGINEERING SERVICES(P)Ltd","0000012126-ELENTECH ENGINEERING SERVICES(P)Ltd","4540005917","Purcahse Order ZSER","5,52,000.00","12,03,360.00 Cr","","","","49,680.00 Dr","49,680.00 Dr","","","","","","","","","","","","","","","","","","","",""
"25 Sept 2023","","","4610002043","Purcahse Order ZSTO","0.00","0.00 Cr","","","","","","","","","","","","","","","","","","","","","","","","",""
"25 Sept 2023","","","4610002044","Purcahse Order ZSTO","0.00","0.00 Cr","","","","","","","","","","","","","","","","","","","","","","","","",""
"25 Sept 2023","","","4610002045","Purcahse Order ZSTO","0.00","0.00 Cr","","","","","","","","","","","","","","","","","","","","","","","","",""
"25 Sept 2023","","","4610002046","Purcahse Order ZSTO","0.00","0.00 Cr","","","","","","","","","","","","","","","","","","","","","","","","",""
"25 Sept 2023","","","4610002047","Purcahse Order ZSTO","0.00","0.00 Cr","","","","","","","","","","","","","","","","","","","","","","","","",""
"25 Sept 2023","","","4610002048","Purcahse Order ZSTO","0.00","0.00 Cr","","","","","","","","","","","","","","","","","","","","","","","","",""
"25 Sept 2023","","","4610002049","Purcahse Order ZSTO","0.00","0.00 Cr","","","","","","","","","","","","","","","","","","","","","","","","",""
"25 Sept 2023","","","4610002050","Purcahse Order ZSTO","0.00","0.00 Cr","","","","","","","","","","","","","","","","","","","","","","","","",""
"25 Sept 2023","","","4610002051","Purcahse Order ZSTO","0.00","0.00 Cr","","","","","","","","","","","","","","","","","","","","","","","","",""
"25 Sept 2023","","","4610002052","Purcahse Order ZSTO","0.00","0.00 Cr","","","","","","","","","","","","","","","","","","","","","","","","",""
"25 Sept 2023","","","4610002053","Purcahse Order ZSTO","0.00","0.00 Cr","","","","","","","","","","","","","","","","","","","","","","","","",""
"25 Sept 2023","","","4610002054","Purcahse Order ZSTO","0.00","0.00 Cr","","","","","","","","","","","","","","","","","","","","","","","","",""
"25 Sept 2023","","","4610002055","Purcahse Order ZSTO","0.00","0.00 Cr","","","","","","","","","","","","","","","","","","","","","","","","",""
"25 Sept 2023","","","4610002056","Purcahse Order ZSTO","0.00","0.00 Cr","","","","","","","","","","","","","","","","","","","","","","","","",""
"26 Sept 2023","0000011892-INTAS AUTOMATIONS","0000011892-INTAS AUTOMATIONS","4500003666","Purcahse Order ZSPR","35,358.00","41,722.44 Cr","","","","3,182.22 Dr","3,182.22 Dr","","","","","","","","","","","","","","","","","","","",""
"26 Sept 2023","0000010521-Instrumentation Limited","0000010521-Instrumentation Limited","4500003667","Purcahse Order ZSPR","50,900.00","60,062.00 Cr","","9,162.00 Dr","","","","","","","","","","","","","","","","","","","","","","",""
"26 Sept 2023","0000012128-INDUSTRIAL HARDWARE STORES","0000012128-INDUSTRIAL HARDWARE STORES","4500003668","Purcahse Order ZSPR","13,650.00","29,757.00 Cr","","","","1,228.50 Dr","1,228.50 Dr","","","","","","","","","","","","","","","","","","","",""
"26 Sept 2023","0000011137-Shabbir Tools Mart","0000011137-Shabbir Tools Mart","4500003669","Purcahse Order ZSPR","10,396.00","12,267.28 Cr","","","","935.64 Dr","935.64 Dr","","","","","","","","","","","","","","","","","","","",""
"26 Sept 2023","0000010108-Jeevabhoy & Sons","0000010108-Jeevabhoy & Sons","4500003670","Purcahse Order ZSPR","29,264.00","34,531.52 Cr","","","","2,633.76 Dr","2,633.76 Dr","","","","","","","","","","","","","","","","","","","",""
"26 Sept 2023","0000010103-J.K.T Electricals","0000010103-J.K.T Electricals","4500003671","Purcahse Order ZSPR","23,515.00","27,747.72 Cr","","","","2,116.36 Dr","2,116.36 Dr","","","","","","","","","","","","","","","","","","","",""
"26 Sept 2023","0000012129-TLT ENGINEERING INDIA PVT LTD.","0000012129-TLT ENGINEERING INDIA PVT LTD.","4500003672","Purcahse Order ZSPR","80,000.00","1,82,400.00 Cr","","22,400.00 Dr","","","","","","","","","","","","","","","","","","","","","","",""
"26 Sept 2023","0000010570-Goodwill Engineering Company","0000010570-Goodwill Engineering Company","4510001756","Purcahse Order ZCON","2,750.00","3,245.00 Cr","","","","247.50 Dr","247.50 Dr","","","","","","","","","","","","","","","","","","","",""
"26 Sept 2023","0000010984-VK Engineering & Services","0000010984-VK Engineering & Services","4540005919","Purcahse Order ZSER","11,000.00","12,980.00 Cr","","","","990.00 Dr","990.00 Dr","","","","","","","","","","","","","","","","","","","",""
"26 Sept 2023","0000030745-Sri Arunachalaswarar Engineering","0000030745-Sri Arunachalaswarar Engineering","4540005920","Purcahse Order ZSER","59,644.62","70,380.66 Cr","","","","5,368.02 Dr","5,368.02 Dr","","","","","","","","","","","","","","","","","","","",""
"26 Sept 2023","0000030047-G.RAVI","0000030047-G.RAVI","4540005921","Purcahse Order ZSER","44,952.98","44,952.98 Cr","","","","","","","","","","","","","","","","","","","","","","","","",""
"26 Sept 2023","0000012066-SAI ENGINEERING","0000012066-SAI ENGINEERING","4540005922","Purcahse Order ZSER","28,000.00","33,040.00 Cr","","","","2,520.00 Dr","2,520.00 Dr","","","","","","","","","","","","","","","","","","","",""
"26 Sept 2023","0000012130-FLEX PROTECH","0000012130-FLEX PROTECH","4540005923","Purcahse Order ZSER","8,28,000.00","18,05,040.00 Cr","","","","74,520.00 Dr","74,520.00 Dr","","","","","","","","","","","","","","","","","","","",""
"26 Sept 2023","0000012042-J.KRISHNAMOORTHY","0000012042-J.KRISHNAMOORTHY","4540005924","Purcahse Order ZSER","38,450.00","38,450.00 Cr","","","","","","","","","","","","","","","","","","","","","","","","",""
"26 Sept 2023","0000012099-Adani Enterprises Ltd.","0000012099-Adani Enterprises Ltd.","4600001099","Purcahse Order ZCOL","17,62,50,000.00","19,50,62,500.00 Cr","17,62,50,000.00 Dr","88,12,500.00 Dr","1,00,00,000.00 Dr","","","","","","","","","","","","","","","","","","","","","",""
"26 Sept 2023","0000012098-Adani Enterprises Ltd.","0000012098-Adani Enterprises Ltd.","4600001100","Purcahse Order ZCOL","13,40,00,000.00","14,87,00,000.00 Cr","13,40,00,000.00 Dr","67,00,000.00 Dr","80,00,000.00 Dr","","","","","","","","","","","","","","","","","","","","","",""
"26 Sept 2023","","","4610002057","Purcahse Order ZSTO","0.00","0.00 Cr","","","","","","","","","","","","","","","","","","","","","","","","",""
"26 Sept 2023","","","4610002058","Purcahse Order ZSTO","0.00","0.00 Cr","","","","","","","","","","","","","","","","","","","","","","","","",""
"26 Sept 2023","","","4610002059","Purcahse Order ZSTO","0.00","0.00 Cr","","","","","","","","","","","","","","","","","","","","","","","","",""
"26 Sept 2023","","","4610002060","Purcahse Order ZSTO","0.00","0.00 Cr","","","","","","","","","","","","","","","","","","","","","","","","",""
"27 Sept 2023","0000012130-FLEX PROTECH","0000012130-FLEX PROTECH","4500003673","Purcahse Order ZSPR","15,50,700.00","33,80,526.00 Cr","","","","1,39,563.00 Dr","1,39,563.00 Dr","","","","","","","","","","","","","","","","","","","",""
"27 Sept 2023","0000010340-BEST PULLEYS & COUPLINGS ( P ) LTD","0000010340-BEST PULLEYS & COUPLINGS ( P ) LTD","4500003674","Purcahse Order ZSPR","15,600.00","18,408.00 Cr","","","","1,404.00 Dr","1,404.00 Dr","","","","","","","","","","","","","","","","","","","",""
"27 Sept 2023","0000011973-RBC BEARINGS PRIVATE  LIMITED","0000011973-RBC BEARINGS PRIVATE  LIMITED","4500003675","Purcahse Order ZSPR","2,200.00","4,796.00 Cr","","","","198.00 Dr","198.00 Dr","","","","","","","","","","","","","","","","","","","",""
"27 Sept 2023","0000012121-PVS TOOLS","0000012121-PVS TOOLS","4500003676","Purcahse Order ZSPR","74,000.00","1,61,320.00 Cr","","","","6,660.00 Dr","6,660.00 Dr","","","","","","","","","","","","","","","","","","","",""
"27 Sept 2023","0000010674-USAM Technology Solutions (P) Ltd","0000010674-USAM Technology Solutions (P) Ltd","4540005925","Purcahse Order ZSER","64,500.00","76,110.00 Cr","","","","5,805.00 Dr","5,805.00 Dr","","","","","","","","","","","","","","","","","","","",""
"28 Sept 2023","0000030876-Power Tech Electrical Engineering","0000030876-Power Tech Electrical Engineering","4500003677","Purcahse Order ZSPR","21,300.00","25,134.00 Cr","","","","1,917.00 Dr","1,917.00 Dr","","","","","","","","","","","","","","","","","","","",""
"28 Sept 2023","0000011884-NJ INDUSTRIAL PRODUCTS","0000011884-NJ INDUSTRIAL PRODUCTS","4520000950","Purcahse Order ZDOM","41,000.00","52,510.00 Cr","","","","3,690.00 Dr","3,690.00 Dr","","","","","","","","","","","","","","","","","","","",""
"28 Sept 2023","0000010790-Emerson Process Management(India)Pv","0000010790-Emerson Process Management(India)Pv","4530001061","Purcahse Order ZASS","89,95,000.00","1,06,14,100.00 Cr","","16,19,100.00 Dr","","","","","","","","","","","","","","","","","","","","","","",""
"28 Sept 2023","0000012113-Easun MR Tap Changers Pvt Ltd","0000012113-Easun MR Tap Changers Pvt Ltd","4540005926","Purcahse Order ZSER","31,000.00","67,580.00 Cr","","","","2,790.00 Dr","2,790.00 Dr","","","","","","","","","","","","","","","","","","","",""
"28 Sept 2023","0000030513-Sunil","0000030513-Sunil","4540005927","Purcahse Order ZSER","7,13,626.52","8,26,633.96 Cr","","","","56,503.72 Dr","56,503.72 Dr","","","","","","","","","","","","","","","","","","","",""
"28 Sept 2023","0000012104-Balaji Malts Private Ltd.","0000012104-Balaji Malts Private Ltd.","4600001101","Purcahse Order ZCOL","6,69,90,000.00","7,47,39,500.00 Cr","6,69,90,000.00 Dr","","44,00,000.00 Dr","16,74,750.00 Dr","16,74,750.00 Dr","","","","","","","","","","","","","","","","","","","",""
"28 Sept 2023","0000012104-Balaji Malts Private Ltd.","0000012104-Balaji Malts Private Ltd.","4600001102","Purcahse Order ZCOL","11,57,10,000.00","12,90,95,500.00 Cr","11,57,10,000.00 Dr","","76,00,000.00 Dr","28,92,750.00 Dr","28,92,750.00 Dr","","","","","","","","","","","","","","","","","","","",""
"29 Sept 2023","0000010103-J.K.T Electricals","0000010103-J.K.T Electricals","4500003678","Purcahse Order ZSPR","18,88,125.00","22,29,757.50 Cr","","","","1,69,931.25 Dr","1,69,931.25 Dr","","","","","","","","","","","","","","","","","","","",""
"30 Sept 2023","0000012134-Sri Krishna Industries","0000012134-Sri Krishna Industries","4520000951","Purcahse Order ZDOM","39,000.00","85,020.00 Cr","","","","3,510.00 Dr","3,510.00 Dr","","","","","","","","","","","","","","","","","","","",""
"30 Sept 2023","0000011551-RPM Associates","0000011551-RPM Associates","4540005928","Purcahse Order ZSER","19,200.00","22,656.00 Cr","","","","1,728.00 Dr","1,728.00 Dr","","","","","","","","","","","","","","","","","","","",""
"30 Sept 2023","0000012049-SRI SAKTHI ENTERPRISES","0000012049-SRI SAKTHI ENTERPRISES","4540005929","Purcahse Order ZSER","40,000.00","40,000.00 Cr","","","","","","","","","","","","","","","","","","","","","","","","",""
"30 Sept 2023","0000012135-Cybertracs Technologies & Research","0000012135-Cybertracs Technologies & Research","4540005930","Purcahse Order ZSER","2,50,000.00","5,45,000.00 Cr","","45,000.00 Dr","","","","","","","","","","","","","","","","","","","","","","",""
"03 Oct 2023","0000030156-Y. Kanchana","0000030156-Y. Kanchana","4540005931","Purcahse Order ZSER","2,01,265.28","2,37,493.04 Cr","","","","18,113.88 Dr","18,113.88 Dr","","","","","","","","","","","","","","","","","","","",""
"04 Oct 2023","0000011557-Supreme Mill Stores","0000011557-Supreme Mill Stores","4510001757","Purcahse Order ZCON","27,402.50","32,334.96 Cr","","","","2,466.23 Dr","2,466.23 Dr","","","","","","","","","","","","","","","","","","","",""
"05 Oct 2023","0000011137-Shabbir Tools Mart","0000011137-Shabbir Tools Mart","4500003679","Purcahse Order ZSPR","36,460.04","40,710.36 Cr","","","","3,084.64 Dr","3,084.64 Dr","","","","","","","","","","","","","","","","","","","",""
"05 Oct 2023","0000011892-INTAS AUTOMATIONS","0000011892-INTAS AUTOMATIONS","4500003680","Purcahse Order ZSPR","43,478.10","51,304.18 Cr","","","","3,913.04 Dr","3,913.04 Dr","","","","","","","","","","","","","","","","","","","",""
"05 Oct 2023","0000010242-Thejo Engineering Limited","0000010242-Thejo Engineering Limited","4510001758","Purcahse Order ZCON","3,315.00","4,911.70 Cr","","","","298.35 Dr","298.35 Dr","","","","","","","","","","","","","","","","","","","",""
"05 Oct 2023","0000011919-TNT PAINTS","0000011919-TNT PAINTS","4510001759","Purcahse Order ZCON","22,000.00","48,634.00 Cr","","","","1,845.00 Dr","1,845.00 Dr","","","","","","","","","","","","","","","","","","","",""
"05 Oct 2023","0000010353-M.L. Engineering","0000010353-M.L. Engineering","4540005932","Purcahse Order ZSER","15,000.00","17,700.00 Cr","","","","1,350.00 Dr","1,350.00 Dr","","","","","","","","","","","","","","","","","","","",""
"05 Oct 2023","0000010353-M.L. Engineering","0000010353-M.L. Engineering","4540005933","Purcahse Order ZSER","12,000.00","14,160.00 Cr","","","","1,080.00 Dr","1,080.00 Dr","","","","","","","","","","","","","","","","","","","",""
"05 Oct 2023","0000030060-J.S.R Enterprises","0000030060-J.S.R Enterprises","4540005934","Purcahse Order ZSER","27,819.00","32,826.42 Cr","","","","2,503.71 Dr","2,503.71 Dr","","","","","","","","","","","","","","","","","","","",""
"05 Oct 2023","0000010353-M.L. Engineering","0000010353-M.L. Engineering","4540005935","Purcahse Order ZSER","12,000.00","14,160.00 Cr","","","","1,080.00 Dr","1,080.00 Dr","","","","","","","","","","","","","","","","","","","",""
"07 Oct 2023","0000011146-Jindal Saw Limited","0000011146-Jindal Saw Limited","4500003681","Purcahse Order ZSPR","84,26,780.00","99,43,600.40 Cr","","15,16,820.40 Dr","","","","","","","","","","","","","","","","","","","","","","",""
"09 Oct 2023","0000010619-Motilal Laxmichand Sanghavi","0000010619-Motilal Laxmichand Sanghavi","4500003682","Purcahse Order ZSPR","14,99,400.00","17,69,292.00 Cr","","2,69,892.00 Dr","","","","","","","","","","","","","","","","","","","","","","",""
